"V1","V2"
2,1114
2.01,1062
2.02,1036
2.03,990
2.04,979
2.05,1021
2.06,979
2.07,1011
2.08,970
2.09,956
2.1,925
2.11,966
2.12,908
2.13,915
2.14,932
2.15,937
2.16,834
2.17,861
2.18,941
2.19,816
2.2,853
2.21,848
2.22,833
2.23,804
2.24,826
2.25,839
2.26,806
2.27,784
2.28,763
2.29,793
2.3,740
2.31,741
2.32,727
2.33,740
2.34,691
2.35,711
2.36,705
2.37,705
2.38,704
2.39,708
2.4,724
2.41,668
2.42,669
2.43,682
2.44,619
2.45,636
2.46,613
2.47,593
2.48,588
2.49,610
2.5,576
2.51,606
2.52,557
2.53,610
2.54,557
2.55,553
2.56,560
2.57,551
2.58,586
2.59,570
2.6,561
2.61,538
2.62,512
2.63,526
2.64,507
2.65,518
2.66,515
2.67,529
2.68,496
2.69,496
2.7,501
2.71,514
2.72,486
2.73,523
2.74,493
2.75,442
2.76,473
2.77,473
2.78,489
2.79,463
2.8,436
2.81,464
2.82,438
2.83,466
2.84,519
2.85,451
2.86,441
2.87,461
2.88,433
2.89,473
2.9,450
2.91,406
2.92,467
2.93,461
2.94,442
2.95,440
2.96,432
2.97,456
2.98,422
2.99,415
3,430
3.01,406
3.02,438
3.03,405
3.04,419
3.05,407
3.06,444
3.07,391
3.08,435
3.09,396
3.1,382
3.11,388
3.12,411
3.13,443
3.14,421
3.15,403
3.16,405
3.17,400
3.18,422
3.19,429
3.2,403
3.21,407
3.22,382
3.23,376
3.24,359
3.25,426
3.26,396
3.27,386
3.28,396
3.29,402
3.3,386
3.31,408
3.32,391
3.33,355
3.34,349
3.35,428
3.36,392
3.37,408
3.38,357
3.39,381
3.4,360
3.41,349
3.42,388
3.43,348
3.44,374
3.45,380
3.46,355
3.47,383
3.48,399
3.49,393
3.5,354
3.51,370
3.52,353
3.53,354
3.54,358
3.55,352
3.56,362
3.57,371
3.58,356
3.59,376
3.6,375
3.61,388
3.62,368
3.63,369
3.64,340
3.65,376
3.66,400
3.67,390
3.68,369
3.69,369
3.7,346
3.71,372
3.72,360
3.73,375
3.74,352
3.75,349
3.76,361
3.77,350
3.78,377
3.79,352
3.8,390
3.81,367
3.82,368
3.83,352
3.84,393
3.85,353
3.86,379
3.87,338
3.88,373
3.89,360
3.9,370
3.91,363
3.92,356
3.93,349
3.94,397
3.95,362
3.96,356
3.97,356
3.98,361
3.99,393
4,345
4.01,330
4.02,386
4.03,358
4.04,363
4.05,355
4.06,350
4.07,361
4.08,366
4.09,355
4.1,390
4.11,374
4.12,367
4.13,338
4.14,354
4.15,377
4.16,365
4.17,355
4.18,356
4.19,344
4.2,367
4.21,344
4.22,358
4.23,357
4.24,357
4.25,360
4.26,377
4.27,351
4.28,379
4.29,377
4.3,366
4.31,355
4.32,332
4.33,339
4.34,318
4.35,330
4.36,352
4.37,347
4.38,363
4.39,362
4.4,384
4.41,387
4.42,366
4.43,371
4.44,355
4.45,351
4.46,357
4.47,384
4.48,359
4.49,370
4.5,354
4.51,370
4.52,359
4.53,351
4.54,366
4.55,389
4.56,386
4.57,394
4.58,386
4.59,384
4.6,394
4.61,369
4.62,405
4.63,352
4.64,391
4.65,415
4.66,376
4.67,349
4.68,374
4.69,383
4.7,396
4.71,379
4.72,377
4.73,373
4.74,382
4.75,364
4.76,383
4.77,372
4.78,353
4.79,387
4.8,368
4.81,402
4.82,364
4.83,391
4.84,387
4.85,377
4.86,392
4.87,389
4.88,398
4.89,385
4.9,355
4.91,402
4.92,412
4.93,380
4.94,407
4.95,393
4.96,392
4.97,409
4.98,398
4.99,422
5,408
5.01,406
5.02,429
5.03,404
5.04,383
5.05,367
5.06,412
5.07,399
5.08,384
5.09,370
5.1,392
5.11,378
5.12,403
5.13,390
5.14,434
5.15,374
5.16,400
5.17,386
5.18,398
5.19,432
5.2,389
5.21,410
5.22,480
5.23,415
5.24,421
5.25,390
5.26,440
5.27,425
5.28,416
5.29,418
5.3,450
5.31,419
5.32,413
5.33,405
5.34,459
5.35,418
5.36,416
5.37,460
5.38,426
5.39,439
5.4,424
5.41,445
5.42,456
5.43,422
5.44,465
5.45,429
5.46,407
5.47,410
5.48,423
5.49,471
5.5,467
5.51,425
5.52,412
5.53,419
5.54,432
5.55,443
5.56,435
5.57,404
5.58,478
5.59,450
5.6,448
5.61,438
5.62,467
5.63,442
5.64,460
5.65,454
5.66,430
5.67,454
5.68,457
5.69,435
5.7,439
5.71,454
5.72,464
5.73,423
5.74,438
5.75,451
5.76,486
5.77,434
5.78,453
5.79,478
5.8,484
5.81,467
5.82,441
5.83,483
5.84,443
5.85,473
5.86,474
5.87,489
5.88,452
5.89,473
5.9,465
5.91,489
5.92,496
5.93,474
5.94,461
5.95,465
5.96,512
5.97,459
5.98,509
5.99,495
6,504
6.01,493
6.02,440
6.03,483
6.04,475
6.05,471
6.06,500
6.07,489
6.08,508
6.09,459
6.1,490
6.11,519
6.12,524
6.13,492
6.14,515
6.15,495
6.16,521
6.17,527
6.18,516
6.19,498
6.2,506
6.21,560
6.22,570
6.23,546
6.24,533
6.25,545
6.26,579
6.27,556
6.28,535
6.29,572
6.3,550
6.31,549
6.32,524
6.33,553
6.34,526
6.35,500
6.36,532
6.37,525
6.38,512
6.39,532
6.4,539
6.41,534
6.42,506
6.43,558
6.44,545
6.45,523
6.46,527
6.47,514
6.48,520
6.49,521
6.5,511
6.51,521
6.52,548
6.53,546
6.54,567
6.55,529
6.56,535
6.57,529
6.58,518
6.59,523
6.6,536
6.61,556
6.62,591
6.63,560
6.64,530
6.65,525
6.66,500
6.67,547
6.68,511
6.69,505
6.7,560
6.71,539
6.72,528
6.73,517
6.74,553
6.75,533
6.76,557
6.77,539
6.78,559
6.79,555
6.8,526
6.81,532
6.82,539
6.83,573
6.84,545
6.85,537
6.86,556
6.87,537
6.88,524
6.89,516
6.9,512
6.91,554
6.92,558
6.93,558
6.94,543
6.95,544
6.96,559
6.97,533
6.98,550
6.99,518
7,524
7.01,559
7.02,580
7.03,531
7.04,549
7.05,560
7.06,534
7.07,555
7.08,543
7.09,550
7.1,549
7.11,582
7.12,549
7.13,537
7.14,569
7.15,590
7.16,623
7.17,585
7.18,519
7.19,604
7.2,573
7.21,545
7.22,533
7.23,542
7.24,583
7.25,577
7.26,604
7.27,591
7.28,594
7.29,581
7.3,592
7.31,591
7.32,584
7.33,577
7.34,585
7.35,588
7.36,571
7.37,568
7.38,587
7.39,585
7.4,595
7.41,560
7.42,594
7.43,563
7.44,597
7.45,569
7.46,594
7.47,542
7.48,577
7.49,599
7.5,582
7.51,556
7.52,565
7.53,607
7.54,607
7.55,621
7.56,527
7.57,577
7.58,564
7.59,544
7.6,579
7.61,578
7.62,542
7.63,599
7.64,584
7.65,583
7.66,588
7.67,649
7.68,626
7.69,629
7.7,548
7.71,603
7.72,555
7.73,611
7.74,605
7.75,618
7.76,588
7.77,631
7.78,625
7.79,634
7.8,598
7.81,569
7.82,624
7.83,625
7.84,642
7.85,560
7.86,607
7.87,617
7.88,571
7.89,616
7.9,592
7.91,605
7.92,596
7.93,614
7.94,605
7.95,571
7.96,604
7.97,622
7.98,599
7.99,619
8,604
8.01,634
8.02,618
8.03,627
8.04,623
8.05,645
8.06,623
8.07,645
8.08,621
8.09,607
8.1,648
8.11,671
8.12,654
8.13,649
8.14,648
8.15,577
8.16,659
8.17,617
8.18,650
8.19,658
8.2,681
8.21,629
8.22,669
8.23,664
8.24,648
8.25,649
8.26,677
8.27,643
8.28,653
8.29,668
8.3,649
8.31,651
8.32,649
8.33,710
8.34,695
8.35,633
8.36,672
8.37,672
8.38,652
8.39,697
8.4,691
8.41,685
8.42,664
8.43,666
8.44,660
8.45,668
8.46,653
8.47,689
8.48,645
8.49,687
8.5,673
8.51,691
8.52,657
8.53,704
8.54,705
8.55,671
8.56,645
8.57,684
8.58,712
8.59,691
8.6,676
8.61,669
8.62,681
8.63,685
8.64,736
8.65,716
8.66,747
8.67,703
8.68,682
8.69,705
8.7,683
8.71,725
8.72,691
8.73,735
8.74,694
8.75,730
8.76,725
8.77,717
8.78,716
8.79,764
8.8,791
8.81,706
8.82,718
8.83,731
8.84,749
8.85,758
8.86,786
8.87,740
8.88,784
8.89,788
8.9,771
8.91,736
8.92,715
8.93,749
8.94,741
8.95,713
8.96,672
8.97,685
8.98,748
8.99,739
9,694
9.01,727
9.02,724
9.03,664
9.04,718
9.05,687
9.06,714
9.07,698
9.08,689
9.09,675
9.1,674
9.11,702
9.12,722
9.13,749
9.14,716
9.15,714
9.16,720
9.17,718
9.18,684
9.19,695
9.2,720
9.21,736
9.22,694
9.23,662
9.24,676
9.25,686
9.26,702
9.27,681
9.28,681
9.29,723
9.3,717
9.31,714
9.32,728
9.33,722
9.34,713
9.35,674
9.36,640
9.37,653
9.38,734
9.39,664
9.4,746
9.41,751
9.42,718
9.43,735
9.44,716
9.45,676
9.46,726
9.47,767
9.48,709
9.49,691
9.5,670
9.51,698
9.52,775
9.53,793
9.54,731
9.55,732
9.56,718
9.57,752
9.58,721
9.59,727
9.6,734
9.61,696
9.62,727
9.63,718
9.64,784
9.65,755
9.66,697
9.67,726
9.68,683
9.69,725
9.7,735
9.71,771
9.72,738
9.73,751
9.74,709
9.75,724
9.76,717
9.77,718
9.78,708
9.79,682
9.8,677
9.81,700
9.82,697
9.83,705
9.84,705
9.85,722
9.86,732
9.87,716
9.88,748
9.89,727
9.9,682
9.91,708
9.92,744
9.93,681
9.94,715
9.95,739
9.96,710
9.97,668
9.98,694
9.99,685
10,728
10.01,722
10.02,713
10.03,760
10.04,754
10.05,714
10.06,712
10.07,693
10.08,722
10.09,710
10.1,679
10.11,737
10.12,733
10.13,729
10.14,734
10.15,753
10.16,783
10.17,752
10.18,729
10.19,717
10.2,718
10.21,688
10.22,678
10.23,723
10.24,693
10.25,684
10.26,726
10.27,709
10.28,735
10.29,689
10.3,736
10.31,734
10.32,700
10.33,694
10.34,687
10.35,718
10.36,740
10.37,742
10.38,701
10.39,664
10.4,748
10.41,743
10.42,734
10.43,736
10.44,690
10.45,669
10.46,717
10.47,696
10.48,724
10.49,712
10.5,712
10.51,711
10.52,764
10.53,705
10.54,718
10.55,748
10.56,715
10.57,698
10.58,703
10.59,715
10.6,709
10.61,734
10.62,680
10.63,699
10.64,740
10.65,699
10.66,710
10.67,701
10.68,688
10.69,698
10.7,691
10.71,707
10.72,685
10.73,672
10.74,694
10.75,737
10.76,771
10.77,718
10.78,737
10.79,723
10.8,693
10.81,690
10.82,682
10.83,712
10.84,727
10.85,715
10.86,711
10.87,693
10.88,696
10.89,728
10.9,746
10.91,733
10.92,680
10.93,677
10.94,678
10.95,728
10.96,737
10.97,695
10.98,744
10.99,701
11,704
11.01,699
11.02,770
11.03,771
11.04,735
11.05,724
11.06,700
11.07,693
11.08,674
11.09,688
11.1,668
11.11,707
11.12,710
11.13,706
11.14,722
11.15,702
11.16,710
11.17,677
11.18,709
11.19,715
11.2,694
11.21,760
11.22,711
11.23,675
11.24,667
11.25,725
11.26,731
11.27,741
11.28,738
11.29,703
11.3,706
11.31,680
11.32,696
11.33,678
11.34,689
11.35,683
11.36,697
11.37,697
11.38,781
11.39,715
11.4,702
11.41,704
11.42,735
11.43,683
11.44,684
11.45,649
11.46,674
11.47,641
11.48,707
11.49,729
11.5,669
11.51,739
11.52,702
11.53,718
11.54,662
11.55,730
11.56,665
11.57,658
11.58,703
11.59,713
11.6,731
11.61,649
11.62,650
11.63,675
11.64,671
11.65,674
11.66,690
11.67,691
11.68,686
11.69,677
11.7,695
11.71,684
11.72,665
11.73,675
11.74,697
11.75,688
11.76,675
11.77,718
11.78,712
11.79,745
11.8,711
11.81,702
11.82,703
11.83,700
11.84,714
11.85,664
11.86,705
11.87,691
11.88,717
11.89,682
11.9,716
11.91,657
11.92,728
11.93,720
11.94,653
11.95,657
11.96,706
11.97,706
11.98,697
11.99,730
12,679
12.01,664
12.02,708
12.03,701
12.04,720
12.05,727
12.06,665
12.07,700
12.08,741
12.09,702
12.1,734
12.11,715
12.12,710
12.13,723
12.14,711
12.15,705
12.16,683
12.17,672
12.18,714
12.19,690
12.2,726
12.21,751
12.22,717
12.23,702
12.24,687
12.25,695
12.26,730
12.27,706
12.28,757
12.29,763
12.3,715
12.31,770
12.32,794
12.33,803
12.34,808
12.35,853
12.36,827
12.37,799
12.38,827
12.39,872
12.4,819
12.41,846
12.42,805
12.43,795
12.44,824
12.45,823
12.46,843
12.47,804
12.48,764
12.49,811
12.5,902
12.51,838
12.52,873
12.53,916
12.54,895
12.55,909
12.56,893
12.57,846
12.58,828
12.59,776
12.6,800
12.61,726
12.62,720
12.63,706
12.64,696
12.65,688
12.66,730
12.67,680
12.68,730
12.69,696
12.7,729
12.71,709
12.72,712
12.73,678
12.74,723
12.75,668
12.76,662
12.77,687
12.78,730
12.79,706
12.8,698
12.81,681
12.82,665
12.83,664
12.84,680
12.85,650
12.86,677
12.87,678
12.88,636
12.89,643
12.9,682
12.91,673
12.92,703
12.93,717
12.94,675
12.95,716
12.96,647
12.97,696
12.98,665
12.99,642
13,710
13.01,651
13.02,662
13.03,699
13.04,702
13.05,659
13.06,676
13.07,701
13.08,652
13.09,682
13.1,669
13.11,639
13.12,649
13.13,639
13.14,683
13.15,643
13.16,686
13.17,671
13.18,707
13.19,673
13.2,640
13.21,705
13.22,654
13.23,673
13.24,652
13.25,670
13.26,645
13.27,649
13.28,668
13.29,636
13.3,634
13.31,661
13.32,703
13.33,673
13.34,679
13.35,660
13.36,646
13.37,644
13.38,682
13.39,641
13.4,619
13.41,618
13.42,689
13.43,669
13.44,613
13.45,649
13.46,688
13.47,649
13.48,682
13.49,672
13.5,690
13.51,662
13.52,710
13.53,672
13.54,668
13.55,668
13.56,685
13.57,624
13.58,650
13.59,638
13.6,667
13.61,652
13.62,646
13.63,686
13.64,696
13.65,660
13.66,670
13.67,693
13.68,664
13.69,672
13.7,654
13.71,669
13.72,637
13.73,655
13.74,645
13.75,647
13.76,668
13.77,669
13.78,693
13.79,681
13.8,658
13.81,661
13.82,676
13.83,702
13.84,696
13.85,676
13.86,711
13.87,705
13.88,659
13.89,749
13.9,674
13.91,687
13.92,710
13.93,675
13.94,698
13.95,660
13.96,657
13.97,676
13.98,651
13.99,632
14,678
14.01,688
14.02,678
14.03,684
14.04,670
14.05,628
14.06,676
14.07,653
14.08,671
14.09,694
14.1,638
14.11,652
14.12,671
14.13,624
14.14,626
14.15,644
14.16,646
14.17,634
14.18,637
14.19,617
14.2,653
14.21,649
14.22,675
14.23,631
14.24,616
14.25,636
14.26,597
14.27,689
14.28,645
14.29,685
14.3,658
14.31,665
14.32,656
14.33,677
14.34,680
14.35,655
14.36,645
14.37,640
14.38,702
14.39,659
14.4,639
14.41,670
14.42,648
14.43,645
14.44,690
14.45,622
14.46,656
14.47,685
14.48,676
14.49,631
14.5,689
14.51,657
14.52,655
14.53,670
14.54,703
14.55,668
14.56,658
14.57,660
14.58,638
14.59,613
14.6,672
14.61,656
14.62,710
14.63,654
14.64,687
14.65,661
14.66,673
14.67,659
14.68,650
14.69,631
14.7,658
14.71,745
14.72,621
14.73,648
14.74,608
14.75,630
14.76,670
14.77,645
14.78,648
14.79,674
14.8,627
14.81,669
14.82,623
14.83,672
14.84,624
14.85,662
14.86,670
14.87,688
14.88,643
14.89,654
14.9,635
14.91,676
14.92,652
14.93,645
14.94,628
14.95,649
14.96,677
14.97,675
14.98,706
14.99,743
15,679
15.01,666
15.02,656
15.03,681
15.04,639
15.05,653
15.06,659
15.07,652
15.08,647
15.09,662
15.1,660
15.11,671
15.12,666
15.13,624
15.14,680
15.15,665
15.16,669
15.17,660
15.18,654
15.19,641
15.2,645
15.21,663
15.22,678
15.23,682
15.24,655
15.25,679
15.26,674
15.27,647
15.28,634
15.29,621
15.3,642
15.31,623
15.32,673
15.33,675
15.34,665
15.35,663
15.36,660
15.37,634
15.38,645
15.39,635
15.4,662
15.41,647
15.42,668
15.43,684
15.44,625
15.45,668
15.46,685
15.47,668
15.48,705
15.49,648
15.5,677
15.51,696
15.52,638
15.53,605
15.54,687
15.55,639
15.56,604
15.57,646
15.58,656
15.59,670
15.6,635
15.61,680
15.62,701
15.63,665
15.64,663
15.65,674
15.66,690
15.67,657
15.68,644
15.69,656
15.7,627
15.71,652
15.72,629
15.73,633
15.74,649
15.75,666
15.76,615
15.77,656
15.78,657
15.79,610
15.8,644
15.81,664
15.82,671
15.83,647
15.84,628
15.85,632
15.86,673
15.87,652
15.88,679
15.89,623
15.9,659
15.91,641
15.92,662
15.93,649
15.94,669
15.95,682
15.96,668
15.97,682
15.98,692
15.99,653
16,683
16.01,653
16.02,637
16.03,668
16.04,662
16.05,653
16.06,692
16.07,652
16.08,640
16.09,646
16.1,675
16.11,651
16.12,634
16.13,669
16.14,668
16.15,678
16.16,684
16.17,631
16.18,668
16.19,680
16.2,661
16.21,682
16.22,634
16.23,630
16.24,645
16.25,674
16.26,670
16.27,633
16.28,695
16.29,682
16.3,661
16.31,634
16.32,666
16.33,690
16.34,637
16.35,639
16.36,641
16.37,647
16.38,627
16.39,613
16.4,657
16.41,659
16.42,611
16.43,635
16.44,610
16.45,676
16.46,660
16.47,638
16.48,633
16.49,654
16.5,683
16.51,601
16.52,671
16.53,671
16.54,706
16.55,649
16.56,644
16.57,631
16.58,636
16.59,654
16.6,648
16.61,703
16.62,639
16.63,647
16.64,659
16.65,620
16.66,660
16.67,693
16.68,667
16.69,633
16.7,615
16.71,640
16.72,681
16.73,661
16.74,644
16.75,674
16.76,664
16.77,698
16.78,670
16.79,690
16.8,642
16.81,647
16.82,645
16.83,666
16.84,670
16.85,693
16.86,643
16.87,651
16.88,686
16.89,655
16.9,705
16.91,660
16.92,655
16.93,618
16.94,680
16.95,668
16.96,658
16.97,661
16.98,660
16.99,638
17,632
17.01,646
17.02,647
17.03,666
17.04,675
17.05,643
17.06,662
17.07,652
17.08,668
17.09,730
17.1,718
17.11,642
17.12,647
17.13,674
17.14,658
17.15,641
17.16,627
17.17,661
17.18,678
17.19,667
17.2,644
17.21,698
17.22,681
17.23,691
17.24,692
17.25,693
17.26,681
17.27,676
17.28,664
17.29,702
17.3,705
17.31,693
17.32,632
17.33,682
17.34,679
17.35,718
17.36,723
17.37,675
17.38,684
17.39,658
17.4,656
17.41,674
17.42,680
17.43,669
17.44,673
17.45,642
17.46,659
17.47,634
17.48,690
17.49,696
17.5,709
17.51,679
17.52,680
17.53,656
17.54,664
17.55,680
17.56,698
17.57,665
17.58,682
17.59,722
17.6,691
17.61,700
17.62,683
17.63,681
17.64,685
17.65,713
17.66,706
17.67,706
17.68,695
17.69,737
17.7,695
17.71,701
17.72,676
17.73,704
17.74,768
17.75,706
17.76,681
17.77,683
17.78,761
17.79,705
17.8,741
17.81,706
17.82,725
17.83,693
17.84,709
17.85,704
17.86,709
17.87,702
17.88,715
17.89,713
17.9,713
17.91,686
17.92,680
17.93,665
17.94,695
17.95,711
17.96,699
17.97,655
17.98,673
17.99,686
18,702
18.01,725
18.02,724
18.03,694
18.04,725
18.05,718
18.06,699
18.07,691
18.08,704
18.09,687
18.1,674
18.11,727
18.12,720
18.13,729
18.14,730
18.15,734
18.16,701
18.17,707
18.18,694
18.19,711
18.2,688
18.21,699
18.22,670
18.23,709
18.24,710
18.25,668
18.26,670
18.27,693
18.28,711
18.29,730
18.3,704
18.31,690
18.32,726
18.33,764
18.34,715
18.35,707
18.36,740
18.37,700
18.38,694
18.39,621
18.4,705
18.41,713
18.42,673
18.43,637
18.44,711
18.45,688
18.46,698
18.47,702
18.48,686
18.49,680
18.5,709
18.51,698
18.52,677
18.53,692
18.54,735
18.55,764
18.56,696
18.57,648
18.58,669
18.59,711
18.6,720
18.61,748
18.62,718
18.63,710
18.64,748
18.65,737
18.66,761
18.67,750
18.68,724
18.69,721
18.7,695
18.71,726
18.72,688
18.73,706
18.74,673
18.75,726
18.76,677
18.77,721
18.78,786
18.79,743
18.8,718
18.81,722
18.82,764
18.83,727
18.84,759
18.85,790
18.86,767
18.87,757
18.88,754
18.89,770
18.9,749
18.91,724
18.92,699
18.93,756
18.94,727
18.95,742
18.96,736
18.97,725
18.98,675
18.99,665
19,729
19.01,702
19.02,675
19.03,702
19.04,724
19.05,743
19.06,688
19.07,728
19.08,724
19.09,738
19.1,698
19.11,756
19.12,723
19.13,729
19.14,725
19.15,698
19.16,712
19.17,675
19.18,711
19.19,732
19.2,759
19.21,735
19.22,723
19.23,724
19.24,747
19.25,731
19.26,723
19.27,759
19.28,758
19.29,738
19.3,757
19.31,781
19.32,731
19.33,714
19.34,750
19.35,731
19.36,695
19.37,753
19.38,667
19.39,714
19.4,696
19.41,753
19.42,728
19.43,702
19.44,733
19.45,750
19.46,704
19.47,712
19.48,748
19.49,764
19.5,708
19.51,746
19.52,711
19.53,750
19.54,736
19.55,754
19.56,734
19.57,775
19.58,706
19.59,753
19.6,726
19.61,746
19.62,817
19.63,766
19.64,792
19.65,770
19.66,799
19.67,842
19.68,840
19.69,834
19.7,920
19.71,867
19.72,854
19.73,870
19.74,898
19.75,948
19.76,944
19.77,922
19.78,984
19.79,942
19.8,1031
19.81,978
19.82,1020
19.83,967
19.84,959
19.85,975
19.86,986
19.87,1029
19.88,999
19.89,970
19.9,1016
19.91,936
19.92,962
19.93,983
19.94,959
19.95,1007
19.96,957
19.97,936
19.98,962
19.99,960
20,981
20.01,905
20.02,933
20.03,924
20.04,962
20.05,921
20.06,896
20.07,884
20.08,843
20.09,874
20.1,837
20.11,870
20.12,884
20.13,884
20.14,879
20.15,876
20.16,878
20.17,899
20.18,901
20.19,840
20.2,869
20.21,870
20.22,861
20.23,854
20.24,859
20.25,929
20.26,892
20.27,827
20.28,884
20.29,886
20.3,889
20.31,851
20.32,883
20.33,844
20.34,865
20.35,904
20.36,910
20.37,860
20.38,829
20.39,876
20.4,868
20.41,867
20.42,853
20.43,827
20.44,841
20.45,866
20.46,875
20.47,805
20.48,816
20.49,869
20.5,839
20.51,797
20.52,780
20.53,850
20.54,848
20.55,902
20.56,865
20.57,829
20.58,909
20.59,893
20.6,895
20.61,910
20.62,898
20.63,950
20.64,959
20.65,1061
20.66,1031
20.67,1011
20.68,1001
20.69,1039
20.7,1093
20.71,1126
20.72,1102
20.73,1160
20.74,1218
20.75,1298
20.76,1319
20.77,1583
20.78,1669
20.79,1921
20.8,2325
20.81,2738
20.82,3402
20.83,4342
20.84,5493
20.85,7004
20.86,8561
20.87,9465
20.88,10040
20.89,9599
20.9,8451
20.91,7325
20.92,6454
20.93,5921
20.94,5099
20.95,4155
20.96,3138
20.97,2296
20.98,1840
20.99,1574
21,1398
21.01,1308
21.02,1221
21.03,1184
21.04,1156
21.05,1114
21.06,1034
21.07,1022
21.08,976
21.09,922
21.1,963
21.11,911
21.12,903
21.13,891
21.14,886
21.15,817
21.16,875
21.17,841
21.18,832
21.19,825
21.2,826
21.21,846
21.22,908
21.23,858
21.24,828
21.25,850
21.26,784
21.27,840
21.28,807
21.29,804
21.3,787
21.31,782
21.32,768
21.33,779
21.34,816
21.35,806
21.36,815
21.37,777
21.38,832
21.39,817
21.4,777
21.41,853
21.42,843
21.43,827
21.44,841
21.45,824
21.46,833
21.47,750
21.48,840
21.49,830
21.5,849
21.51,811
21.52,824
21.53,799
21.54,805
21.55,843
21.56,805
21.57,752
21.58,808
21.59,829
21.6,834
21.61,812
21.62,766
21.63,844
21.64,825
21.65,787
21.66,813
21.67,814
21.68,804
21.69,765
21.7,759
21.71,798
21.72,791
21.73,800
21.74,757
21.75,806
21.76,794
21.77,791
21.78,836
21.79,792
21.8,783
21.81,749
21.82,778
21.83,759
21.84,788
21.85,774
21.86,758
21.87,770
21.88,797
21.89,764
21.9,774
21.91,779
21.92,813
21.93,804
21.94,832
21.95,808
21.96,809
21.97,785
21.98,811
21.99,821
22,950
22.01,920
22.02,929
22.03,994
22.04,992
22.05,1036
22.06,1004
22.07,1031
22.08,994
22.09,961
22.1,997
22.11,909
22.12,905
22.13,908
22.14,826
22.15,836
22.16,804
22.17,792
22.18,766
22.19,784
22.2,754
22.21,798
22.22,732
22.23,740
22.24,790
22.25,735
22.26,721
22.27,742
22.28,728
22.29,755
22.3,740
22.31,768
22.32,755
22.33,802
22.34,747
22.35,732
22.36,725
22.37,740
22.38,729
22.39,753
22.4,734
22.41,720
22.42,720
22.43,743
22.44,733
22.45,779
22.46,724
22.47,754
22.48,720
22.49,741
22.5,753
22.51,738
22.52,759
22.53,760
22.54,757
22.55,739
22.56,713
22.57,761
22.58,739
22.59,729
22.6,709
22.61,701
22.62,749
22.63,732
22.64,729
22.65,767
22.66,716
22.67,713
22.68,734
22.69,727
22.7,761
22.71,743
22.72,759
22.73,708
22.74,746
22.75,721
22.76,765
22.77,755
22.78,751
22.79,726
22.8,721
22.81,741
22.82,757
22.83,735
22.84,762
22.85,715
22.86,794
22.87,717
22.88,733
22.89,758
22.9,763
22.91,763
22.92,716
22.93,725
22.94,805
22.95,764
22.96,756
22.97,731
22.98,713
22.99,777
23,790
23.01,822
23.02,783
23.03,814
23.04,801
23.05,739
23.06,813
23.07,802
23.08,822
23.09,773
23.1,761
23.11,768
23.12,776
23.13,767
23.14,771
23.15,747
23.16,727
23.17,734
23.18,770
23.19,799
23.2,731
23.21,715
23.22,711
23.23,733
23.24,698
23.25,712
23.26,691
23.27,712
23.28,768
23.29,765
23.3,709
23.31,711
23.32,710
23.33,703
23.34,726
23.35,735
23.36,769
23.37,718
23.38,751
23.39,735
23.4,783
23.41,724
23.42,736
23.43,750
23.44,819
23.45,783
23.46,757
23.47,749
23.48,740
23.49,733
23.5,795
23.51,742
23.52,790
23.53,808
23.54,826
23.55,818
23.56,807
23.57,863
23.58,855
23.59,872
23.6,859
23.61,864
23.62,843
23.63,811
23.64,802
23.65,827
23.66,798
23.67,814
23.68,772
23.69,790
23.7,727
23.71,789
23.72,746
23.73,777
23.74,789
23.75,790
23.76,770
23.77,754
23.78,739
23.79,728
23.8,749
23.81,728
23.82,777
23.83,725
23.84,749
23.85,774
23.86,744
23.87,759
23.88,790
23.89,739
23.9,804
23.91,794
23.92,775
23.93,741
23.94,755
23.95,702
23.96,731
23.97,729
23.98,754
23.99,808
24,773
24.01,805
24.02,826
24.03,823
24.04,803
24.05,785
24.06,817
24.07,825
24.08,759
24.09,823
24.1,812
24.11,771
24.12,770
24.13,793
24.14,820
24.15,859
24.16,801
24.17,827
24.18,814
24.19,800
24.2,811
24.21,869
24.22,900
24.23,890
24.24,835
24.25,860
24.26,871
24.27,915
24.28,893
24.29,919
24.3,869
24.31,852
24.32,867
24.33,870
24.34,923
24.35,891
24.36,841
24.37,819
24.38,782
24.39,769
24.4,775
24.41,797
24.42,803
24.43,770
24.44,782
24.45,756
24.46,692
24.47,742
24.48,749
24.49,712
24.5,747
24.51,700
24.52,723
24.53,750
24.54,716
24.55,766
24.56,762
24.57,750
24.58,738
24.59,775
24.6,771
24.61,700
24.62,715
24.63,741
24.64,731
24.65,742
24.66,768
24.67,772
24.68,734
24.69,723
24.7,735
24.71,754
24.72,721
24.73,767
24.74,776
24.75,828
24.76,798
24.77,781
24.78,800
24.79,751
24.8,813
24.81,818
24.82,775
24.83,829
24.84,822
24.85,860
24.86,827
24.87,853
24.88,876
24.89,902
24.9,870
24.91,880
24.92,822
24.93,896
24.94,784
24.95,816
24.96,827
24.97,830
24.98,777
24.99,791
25,780
25.01,786
25.02,805
25.03,745
25.04,838
25.05,816
25.06,764
25.07,768
25.08,830
25.09,774
25.1,782
25.11,799
25.12,793
25.13,836
25.14,853
25.15,867
25.16,897
25.17,899
25.18,889
25.19,901
25.2,934
25.21,939
25.22,890
25.23,924
25.24,975
25.25,926
25.26,924
25.27,906
25.28,938
25.29,991
25.3,962
25.31,987
25.32,999
25.33,956
25.34,966
25.35,956
25.36,958
25.37,915
25.38,866
25.39,869
25.4,880
25.41,928
25.42,870
25.43,880
25.44,844
25.45,828
25.46,836
25.47,854
25.48,829
25.49,834
25.5,824
25.51,816
25.52,847
25.53,880
25.54,859
25.55,837
25.56,783
25.57,786
25.58,816
25.59,788
25.6,800
25.61,757
25.62,819
25.63,844
25.64,790
25.65,806
25.66,846
25.67,765
25.68,818
25.69,840
25.7,840
25.71,893
25.72,878
25.73,946
25.74,883
25.75,949
25.76,941
25.77,940
25.78,950
25.79,928
25.8,934
25.81,941
25.82,952
25.83,901
25.84,897
25.85,959
25.86,850
25.87,896
25.88,926
25.89,954
25.9,969
25.91,969
25.92,955
25.93,914
25.94,958
25.95,908
25.96,895
25.97,939
25.98,953
25.99,933
26,869
26.01,868
26.02,971
26.03,930
26.04,954
26.05,988
26.06,921
26.07,941
26.08,916
26.09,974
26.1,988
26.11,990
26.12,983
26.13,964
26.14,1045
26.15,972
26.16,952
26.17,988
26.18,998
26.19,1013
26.2,964
26.21,998
26.22,990
26.23,996
26.24,1043
26.25,997
26.26,1007
26.27,1008
26.28,1034
26.29,1022
26.3,1092
26.31,1186
26.32,1082
26.33,1154
26.34,1088
26.35,1207
26.36,1274
26.37,1324
26.38,1432
26.39,1540
26.4,1609
26.41,1833
26.42,1903
26.43,2088
26.44,2176
26.45,2406
26.46,2495
26.47,2559
26.48,2851
26.49,2962
26.5,3228
26.51,3555
26.52,3873
26.53,4336
26.54,4811
26.55,5704
26.56,6778
26.57,8382
26.58,10335
26.59,13479
26.6,17407
26.61,23084
26.62,29999
26.63,38152
26.64,46222
26.65,52057
26.66,53620
26.67,50896
26.68,44838
26.69,38523
26.7,34364
26.71,32121
26.72,30785
26.73,28818
26.74,24722
26.75,19318
26.76,14154
26.77,10188
26.78,7482
26.79,5824
26.8,4746
26.81,4100
26.82,3596
26.83,3188
26.84,2777
26.85,2598
26.86,2447
26.87,2161
26.88,1931
26.89,1883
26.9,1698
26.91,1652
26.92,1481
26.93,1394
26.94,1367
26.95,1363
26.96,1301
26.97,1254
26.98,1230
26.99,1128
27,1149
27.01,1039
27.02,1106
27.03,1111
27.04,1097
27.05,1109
27.06,1070
27.07,1001
27.08,1064
27.09,1033
27.1,982
27.11,981
27.12,989
27.13,992
27.14,1013
27.15,999
27.16,992
27.17,984
27.18,957
27.19,978
27.2,933
27.21,911
27.22,885
27.23,898
27.24,918
27.25,917
27.26,884
27.27,905
27.28,864
27.29,901
27.3,877
27.31,852
27.32,868
27.33,923
27.34,878
27.35,923
27.36,880
27.37,878
27.38,865
27.39,914
27.4,902
27.41,877
27.42,912
27.43,933
27.44,911
27.45,988
27.46,938
27.47,961
27.48,903
27.49,960
27.5,948
27.51,965
27.52,936
27.53,931
27.54,893
27.55,917
27.56,943
27.57,868
27.58,887
27.59,877
27.6,915
27.61,877
27.62,869
27.63,864
27.64,879
27.65,847
27.66,915
27.67,871
27.68,883
27.69,922
27.7,953
27.71,1015
27.72,992
27.73,1058
27.74,1093
27.75,1066
27.76,1055
27.77,1128
27.78,1074
27.79,1093
27.8,1026
27.81,1045
27.82,1036
27.83,1040
27.84,1021
27.85,1066
27.86,1033
27.87,1099
27.88,1144
27.89,1169
27.9,1168
27.91,1249
27.92,1325
27.93,1421
27.94,1391
27.95,1469
27.96,1479
27.97,1417
27.98,1405
27.99,1344
28,1293
28.01,1213
28.02,1210
28.03,1180
28.04,1173
28.05,1094
28.06,1016
28.07,1002
28.08,943
28.09,1035
28.1,967
28.11,895
28.12,943
28.13,893
28.14,882
28.15,933
28.16,921
28.17,864
28.18,895
28.19,924
28.2,921
28.21,903
28.22,910
28.23,875
28.24,882
28.25,887
28.26,885
28.27,926
28.28,874
28.29,905
28.3,908
28.31,898
28.32,886
28.33,855
28.34,838
28.35,827
28.36,793
28.37,861
28.38,816
28.39,777
28.4,795
28.41,798
28.42,786
28.43,770
28.44,745
28.45,722
28.46,801
28.47,771
28.48,772
28.49,770
28.5,733
28.51,783
28.52,777
28.53,788
28.54,771
28.55,749
28.56,736
28.57,805
28.58,744
28.59,716
28.6,739
28.61,757
28.62,774
28.63,754
28.64,734
28.65,751
28.66,765
28.67,765
28.68,741
28.69,739
28.7,778
28.71,762
28.72,788
28.73,794
28.74,752
28.75,731
28.76,736
28.77,768
28.78,770
28.79,770
28.8,745
28.81,751
28.82,749
28.83,733
28.84,729
28.85,727
28.86,790
28.87,849
28.88,756
28.89,737
28.9,743
28.91,718
28.92,767
28.93,754
28.94,712
28.95,763
28.96,743
28.97,727
28.98,748
28.99,725
29,786
29.01,748
29.02,768
29.03,772
29.04,762
29.05,746
29.06,815
29.07,780
29.08,754
29.09,780
29.1,798
29.11,795
29.12,817
29.13,824
29.14,803
29.15,758
29.16,792
29.17,755
29.18,816
29.19,784
29.2,750
29.21,743
29.22,774
29.23,731
29.24,713
29.25,727
29.26,743
29.27,701
29.28,744
29.29,741
29.3,768
29.31,730
29.32,745
29.33,755
29.34,761
29.35,720
29.36,698
29.37,742
29.38,760
29.39,743
29.4,755
29.41,782
29.42,752
29.43,748
29.44,739
29.45,720
29.46,714
29.47,725
29.48,667
29.49,685
29.5,718
29.51,742
29.52,728
29.53,744
29.54,705
29.55,730
29.56,753
29.57,711
29.58,751
29.59,772
29.6,728
29.61,764
29.62,707
29.63,752
29.64,771
29.65,734
29.66,695
29.67,710
29.68,756
29.69,754
29.7,703
29.71,718
29.72,775
29.73,767
29.74,751
29.75,765
29.76,762
29.77,764
29.78,771
29.79,786
29.8,752
29.81,833
29.82,792
29.83,811
29.84,830
29.85,798
29.86,785
29.87,829
29.88,778
29.89,851
29.9,838
29.91,798
29.92,781
29.93,783
29.94,820
29.95,825
29.96,835
29.97,804
29.98,820
29.99,770
30,763
30.01,770
30.02,767
30.03,775
30.04,814
30.05,816
30.06,773
30.07,754
30.08,812
30.09,834
30.1,774
30.11,771
30.12,844
30.13,840
30.14,804
30.15,781
30.16,783
30.17,693
30.18,768
30.19,766
30.2,767
30.21,788
30.22,811
30.23,770
30.24,767
30.25,754
30.26,760
30.27,768
30.28,802
30.29,803
30.3,767
30.31,758
30.32,758
30.33,777
30.34,751
30.35,791
30.36,799
30.37,803
30.38,811
30.39,751
30.4,809
30.41,782
30.42,835
30.43,814
30.44,788
30.45,864
30.46,861
30.47,872
30.48,922
30.49,881
30.5,840
30.51,887
30.52,889
30.53,865
30.54,875
30.55,833
30.56,799
30.57,813
30.58,821
30.59,815
30.6,741
30.61,751
30.62,727
30.63,721
30.64,674
30.65,728
30.66,744
30.67,702
30.68,687
30.69,722
30.7,709
30.71,687
30.72,687
30.73,756
30.74,700
30.75,757
30.76,716
30.77,736
30.78,733
30.79,718
30.8,722
30.81,709
30.82,739
30.83,739
30.84,732
30.85,733
30.86,734
30.87,709
30.88,748
30.89,767
30.9,755
30.91,722
30.92,745
30.93,758
30.94,763
30.95,697
30.96,720
30.97,743
30.98,672
30.99,697
31,707
31.01,716
31.02,744
31.03,709
31.04,743
31.05,723
31.06,750
31.07,734
31.08,721
31.09,662
31.1,663
31.11,705
31.12,720
31.13,706
31.14,749
31.15,727
31.16,743
31.17,751
31.18,747
31.19,724
31.2,706
31.21,772
31.22,765
31.23,797
31.24,785
31.25,747
31.26,734
31.27,740
31.28,718
31.29,722
31.3,783
31.31,746
31.32,759
31.33,776
31.34,762
31.35,740
31.36,762
31.37,755
31.38,749
31.39,772
31.4,732
31.41,722
31.42,725
31.43,742
31.44,762
31.45,733
31.46,745
31.47,757
31.48,762
31.49,735
31.5,716
31.51,769
31.52,740
31.53,725
31.54,711
31.55,758
31.56,715
31.57,726
31.58,707
31.59,693
31.6,709
31.61,733
31.62,733
31.63,691
31.64,734
31.65,751
31.66,741
31.67,685
31.68,680
31.69,735
31.7,709
31.71,686
31.72,714
31.73,733
31.74,704
31.75,729
31.76,733
31.77,749
31.78,722
31.79,730
31.8,674
31.81,721
31.82,711
31.83,701
31.84,741
31.85,734
31.86,749
31.87,763
31.88,796
31.89,769
31.9,739
31.91,714
31.92,775
31.93,781
31.94,766
31.95,794
31.96,760
31.97,795
31.98,803
31.99,767
32,808
32.01,786
32.02,745
32.03,780
32.04,758
32.05,746
32.06,749
32.07,703
32.08,732
32.09,745
32.1,714
32.11,703
32.12,709
32.13,669
32.14,735
32.15,657
32.16,655
32.17,702
32.18,679
32.19,678
32.2,714
32.21,684
32.22,677
32.23,678
32.24,662
32.25,668
32.26,687
32.27,699
32.28,649
32.29,627
32.3,613
32.31,701
32.32,677
32.33,678
32.34,689
32.35,698
32.36,686
32.37,690
32.38,638
32.39,634
32.4,699
32.41,660
32.42,639
32.43,639
32.44,702
32.45,610
32.46,677
32.47,690
32.48,652
32.49,658
32.5,662
32.51,668
32.52,668
32.53,633
32.54,652
32.55,655
32.56,643
32.57,668
32.58,623
32.59,685
32.6,635
32.61,627
32.62,643
32.63,689
32.64,634
32.65,694
32.66,693
32.67,646
32.68,626
32.69,621
32.7,663
32.71,682
32.72,667
32.73,629
32.74,633
32.75,651
32.76,635
32.77,677
32.78,640
32.79,671
32.8,651
32.81,655
32.82,644
32.83,690
32.84,656
32.85,669
32.86,645
32.87,651
32.88,651
32.89,642
32.9,649
32.91,643
32.92,598
32.93,641
32.94,676
32.95,663
32.96,645
32.97,649
32.98,658
32.99,680
33,643
33.01,652
33.02,649
33.03,669
33.04,664
33.05,650
33.06,641
33.07,640
33.08,662
33.09,661
33.1,659
33.11,646
33.12,644
33.13,611
33.14,667
33.15,658
33.16,650
33.17,631
33.18,642
33.19,666
33.2,651
33.21,643
33.22,658
33.23,686
33.24,686
33.25,667
33.26,619
33.27,691
33.28,631
33.29,655
33.3,687
33.31,660
33.32,675
33.33,705
33.34,676
33.35,665
33.36,632
33.37,662
33.38,650
33.39,636
33.4,648
33.41,632
33.42,666
33.43,693
33.44,682
33.45,675
33.46,647
33.47,665
33.48,699
33.49,712
33.5,691
33.51,654
33.52,670
33.53,699
33.54,642
33.55,702
33.56,720
33.57,679
33.58,672
33.59,696
33.6,722
33.61,701
33.62,657
33.63,691
33.64,727
33.65,666
33.66,728
33.67,714
33.68,686
33.69,685
33.7,699
33.71,686
33.72,681
33.73,724
33.74,687
33.75,710
33.76,744
33.77,703
33.78,694
33.79,659
33.8,721
33.81,681
33.82,678
33.83,706
33.84,722
33.85,710
33.86,714
33.87,729
33.88,691
33.89,667
33.9,713
33.91,730
33.92,708
33.93,734
33.94,675
33.95,737
33.96,716
33.97,728
33.98,666
33.99,715
34,680
34.01,697
34.02,720
34.03,699
34.04,670
34.05,660
34.06,648
34.07,662
34.08,675
34.09,672
34.1,699
34.11,670
34.12,663
34.13,692
34.14,710
34.15,696
34.16,744
34.17,679
34.18,669
34.19,659
34.2,691
34.21,681
34.22,695
34.23,678
34.24,683
34.25,717
34.26,686
34.27,681
34.28,668
34.29,716
34.3,718
34.31,673
34.32,685
34.33,680
34.34,674
34.35,682
34.36,669
34.37,735
34.38,761
34.39,711
34.4,704
34.41,718
34.42,743
34.43,738
34.44,788
34.45,772
34.46,825
34.47,787
34.48,812
34.49,748
34.5,802
34.51,779
34.52,818
34.53,795
34.54,870
34.55,854
34.56,874
34.57,816
34.58,863
34.59,840
34.6,900
34.61,934
34.62,845
34.63,884
34.64,885
34.65,880
34.66,842
34.67,915
34.68,906
34.69,911
34.7,887
34.71,872
34.72,916
34.73,919
34.74,879
34.75,893
34.76,943
34.77,957
34.78,878
34.79,872
34.8,938
34.81,953
34.82,969
34.83,938
34.84,970
34.85,950
34.86,907
34.87,973
34.88,941
34.89,965
34.9,985
34.91,1022
34.92,1001
34.93,991
34.94,978
34.95,1009
34.96,991
34.97,1038
34.98,1048
34.99,1065
35,1049
35.01,1084
35.02,1056
35.03,1090
35.04,1061
35.05,1093
35.06,1101
35.07,1073
35.08,1093
35.09,1074
35.1,1054
35.11,1021
35.12,1021
35.13,1019
35.14,1018
35.15,1063
35.16,976
35.17,986
35.18,986
35.19,980
35.2,944
35.21,974
35.22,947
35.23,872
35.24,906
35.25,914
35.26,938
35.27,892
35.28,888
35.29,894
35.3,890
35.31,912
35.32,871
35.33,843
35.34,859
35.35,865
35.36,849
35.37,877
35.38,874
35.39,891
35.4,866
35.41,889
35.42,867
35.43,867
35.44,789
35.45,819
35.46,871
35.47,837
35.48,812
35.49,883
35.5,851
35.51,843
35.52,835
35.53,857
35.54,857
35.55,836
35.56,817
35.57,850
35.58,780
35.59,776
35.6,797
35.61,777
35.62,856
35.63,790
35.64,775
35.65,844
35.66,826
35.67,798
35.68,751
35.69,785
35.7,788
35.71,779
35.72,808
35.73,780
35.74,820
35.75,794
35.76,805
35.77,794
35.78,781
35.79,830
35.8,802
35.81,774
35.82,772
35.83,824
35.84,849
35.85,844
35.86,786
35.87,828
35.88,789
35.89,770
35.9,838
35.91,781
35.92,777
35.93,794
35.94,814
35.95,809
35.96,811
35.97,799
35.98,786
35.99,776
36,799
36.01,781
36.02,772
36.03,777
36.04,778
36.05,793
36.06,823
36.07,806
36.08,772
36.09,805
36.1,804
36.11,801
36.12,824
36.13,823
36.14,826
36.15,780
36.16,758
36.17,825
36.18,762
36.19,768
36.2,769
36.21,786
36.22,793
36.23,771
36.24,787
36.25,758
36.26,845
36.27,848
36.28,814
36.29,798
36.3,827
36.31,851
36.32,843
36.33,869
36.34,924
36.35,966
36.36,911
36.37,974
36.38,1024
36.39,1031
36.4,1085
36.41,1118
36.42,1098
36.43,1152
36.44,1159
36.45,1230
36.46,1377
36.47,1511
36.48,1697
36.49,1957
36.5,2271
36.51,2685
36.52,3116
36.53,3837
36.54,4497
36.55,4922
36.56,5279
36.57,5210
36.58,4864
36.59,4504
36.6,4015
36.61,3497
36.62,3332
36.63,3251
36.64,3349
36.65,3413
36.66,3245
36.67,3160
36.68,2850
36.69,2419
36.7,2027
36.71,1719
36.72,1491
36.73,1400
36.74,1266
36.75,1160
36.76,1057
36.77,1079
36.78,971
36.79,1004
36.8,963
36.81,956
36.82,895
36.83,865
36.84,887
36.85,857
36.86,898
36.87,887
36.88,839
36.89,866
36.9,880
36.91,891
36.92,858
36.93,872
36.94,835
36.95,821
36.96,809
36.97,775
36.98,777
36.99,779
37,800
37.01,804
37.02,811
37.03,769
37.04,809
37.05,787
37.06,836
37.07,760
37.08,835
37.09,779
37.1,823
37.11,766
37.12,808
37.13,834
37.14,833
37.15,760
37.16,806
37.17,805
37.18,776
37.19,874
37.2,857
37.21,802
37.22,807
37.23,864
37.24,775
37.25,768
37.26,789
37.27,788
37.28,825
37.29,846
37.3,823
37.31,833
37.32,791
37.33,825
37.34,812
37.35,789
37.36,773
37.37,834
37.38,804
37.39,819
37.4,813
37.41,831
37.42,817
37.43,848
37.44,816
37.45,802
37.46,831
37.47,864
37.48,861
37.49,861
37.5,873
37.51,921
37.52,889
37.53,885
37.54,872
37.55,877
37.56,843
37.57,861
37.58,865
37.59,880
37.6,843
37.61,860
37.62,867
37.63,882
37.64,896
37.65,898
37.66,889
37.67,830
37.68,908
37.69,860
37.7,892
37.71,901
37.72,886
37.73,904
37.74,837
37.75,884
37.76,902
37.77,878
37.78,920
37.79,894
37.8,919
37.81,869
37.82,860
37.83,879
37.84,918
37.85,907
37.86,859
37.87,837
37.88,832
37.89,808
37.9,826
37.91,837
37.92,845
37.93,825
37.94,815
37.95,788
37.96,790
37.97,766
37.98,791
37.99,750
38,781
38.01,786
38.02,776
38.03,763
38.04,788
38.05,772
38.06,744
38.07,751
38.08,773
38.09,837
38.1,748
38.11,766
38.12,823
38.13,798
38.14,758
38.15,798
38.16,722
38.17,785
38.18,800
38.19,771
38.2,795
38.21,838
38.22,779
38.23,742
38.24,787
38.25,783
38.26,770
38.27,791
38.28,773
38.29,776
38.3,810
38.31,781
38.32,755
38.33,755
38.34,770
38.35,693
38.36,724
38.37,781
38.38,739
38.39,745
38.4,733
38.41,756
38.42,721
38.43,781
38.44,799
38.45,770
38.46,799
38.47,785
38.48,733
38.49,751
38.5,761
38.51,779
38.52,759
38.53,788
38.54,819
38.55,825
38.56,760
38.57,775
38.58,778
38.59,802
38.6,807
38.61,762
38.62,796
38.63,785
38.64,782
38.65,798
38.66,835
38.67,770
38.68,804
38.69,847
38.7,752
38.71,788
38.72,812
38.73,790
38.74,757
38.75,767
38.76,740
38.77,759
38.78,765
38.79,788
38.8,806
38.81,791
38.82,786
38.83,785
38.84,810
38.85,793
38.86,753
38.87,767
38.88,796
38.89,768
38.9,804
38.91,801
38.92,796
38.93,808
38.94,793
38.95,770
38.96,753
38.97,770
38.98,774
38.99,726
39,730
39.01,706
39.02,735
39.03,703
39.04,775
39.05,786
39.06,749
39.07,750
39.08,775
39.09,781
39.1,775
39.11,780
39.12,775
39.13,738
39.14,704
39.15,787
39.16,763
39.17,752
39.18,807
39.19,851
39.2,793
39.21,796
39.22,824
39.23,815
39.24,848
39.25,884
39.26,833
39.27,885
39.28,929
39.29,909
39.3,855
39.31,904
39.32,998
39.33,1001
39.34,1009
39.35,985
39.36,1040
39.37,1132
39.38,1187
39.39,1295
39.4,1462
39.41,1641
39.42,1919
39.43,2293
39.44,2676
39.45,3351
39.46,3792
39.47,4398
39.48,4660
39.49,4764
39.5,4572
39.51,4183
39.52,3570
39.53,3003
39.54,2759
39.55,2745
39.56,2729
39.57,2764
39.58,2926
39.59,2995
39.6,2862
39.61,2577
39.62,2141
39.63,1803
39.64,1512
39.65,1344
39.66,1161
39.67,1043
39.68,1057
39.69,918
39.7,960
39.71,888
39.72,842
39.73,916
39.74,887
39.75,812
39.76,857
39.77,842
39.78,762
39.79,756
39.8,733
39.81,748
39.82,766
39.83,765
39.84,798
39.85,761
39.86,792
39.87,736
39.88,768
39.89,757
39.9,788
39.91,757
39.92,743
39.93,741
39.94,707
39.95,756
39.96,797
39.97,733
39.98,702
39.99,760
40,819
40.01,788
40.02,822
40.03,763
40.04,773
40.05,756
40.06,817
40.07,815
40.08,846
40.09,794
40.1,875
40.11,827
40.12,918
40.13,873
40.14,909
40.15,898
40.16,912
40.17,944
40.18,970
40.19,1015
40.2,1041
40.21,1058
40.22,1172
40.23,1250
40.24,1386
40.25,1586
40.26,1737
40.27,1960
40.28,2292
40.29,2510
40.3,2801
40.31,2896
40.32,2895
40.33,2747
40.34,2416
40.35,2154
40.36,1854
40.37,1824
40.38,1829
40.39,1907
40.4,1961
40.41,1964
40.42,1906
40.43,1872
40.44,1651
40.45,1477
40.46,1261
40.47,1184
40.48,1083
40.49,1027
40.5,908
40.51,906
40.52,847
40.53,842
40.54,833
40.55,824
40.56,815
40.57,780
40.58,794
40.59,800
40.6,779
40.61,761
40.62,746
40.63,731
40.64,763
40.65,710
40.66,720
40.67,695
40.68,777
40.69,701
40.7,731
40.71,752
40.72,723
40.73,724
40.74,729
40.75,744
40.76,713
40.77,717
40.78,779
40.79,743
40.8,736
40.81,750
40.82,749
40.83,742
40.84,740
40.85,764
40.86,766
40.87,731
40.88,735
40.89,713
40.9,692
40.91,733
40.92,704
40.93,778
40.94,734
40.95,717
40.96,757
40.97,703
40.98,753
40.99,699
41,695
41.01,725
41.02,730
41.03,696
41.04,725
41.05,714
41.06,753
41.07,772
41.08,768
41.09,774
41.1,710
41.11,755
41.12,782
41.13,785
41.14,758
41.15,727
41.16,745
41.17,696
41.18,765
41.19,736
41.2,779
41.21,764
41.22,753
41.23,724
41.24,804
41.25,795
41.26,750
41.27,762
41.28,779
41.29,751
41.3,782
41.31,732
41.32,767
41.33,731
41.34,713
41.35,704
41.36,714
41.37,789
41.38,784
41.39,759
41.4,748
41.41,738
41.42,721
41.43,700
41.44,701
41.45,754
41.46,720
41.47,700
41.48,718
41.49,697
41.5,755
41.51,726
41.52,733
41.53,770
41.54,707
41.55,689
41.56,704
41.57,733
41.58,721
41.59,774
41.6,741
41.61,706
41.62,697
41.63,721
41.64,710
41.65,709
41.66,695
41.67,745
41.68,734
41.69,690
41.7,738
41.71,716
41.72,735
41.73,771
41.74,785
41.75,710
41.76,742
41.77,773
41.78,734
41.79,770
41.8,706
41.81,753
41.82,734
41.83,726
41.84,746
41.85,735
41.86,762
41.87,785
41.88,713
41.89,687
41.9,706
41.91,709
41.92,741
41.93,740
41.94,788
41.95,781
41.96,756
41.97,725
41.98,784
41.99,778
42,717
42.01,752
42.02,734
42.03,733
42.04,734
42.05,753
42.06,728
42.07,756
42.08,776
42.09,796
42.1,746
42.11,750
42.12,821
42.13,808
42.14,793
42.15,750
42.16,828
42.17,823
42.18,821
42.19,816
42.2,841
42.21,818
42.22,849
42.23,908
42.24,867
42.25,894
42.26,917
42.27,920
42.28,877
42.29,980
42.3,993
42.31,997
42.32,1029
42.33,1067
42.34,1091
42.35,1120
42.36,1164
42.37,1293
42.38,1457
42.39,1629
42.4,1854
42.41,2067
42.42,2342
42.43,2813
42.44,3286
42.45,3670
42.46,4202
42.47,4297
42.48,4360
42.49,3972
42.5,3526
42.51,3053
42.52,2763
42.53,2429
42.54,2428
42.55,2457
42.56,2528
42.57,2577
42.58,2583
42.59,2553
42.6,2380
42.61,2172
42.62,1845
42.63,1571
42.64,1322
42.65,1182
42.66,1129
42.67,1053
42.68,938
42.69,934
42.7,894
42.71,842
42.72,829
42.73,872
42.74,822
42.75,761
42.76,762
42.77,767
42.78,807
42.79,787
42.8,778
42.81,785
42.82,764
42.83,779
42.84,828
42.85,784
42.86,792
42.87,701
42.88,707
42.89,721
42.9,696
42.91,698
42.92,702
42.93,666
42.94,717
42.95,732
42.96,731
42.97,716
42.98,740
42.99,702
43,706
43.01,723
43.02,709
43.03,732
43.04,754
43.05,731
43.06,697
43.07,676
43.08,669
43.09,724
43.1,716
43.11,670
43.12,744
43.13,717
43.14,711
43.15,666
43.16,702
43.17,691
43.18,701
43.19,706
43.2,686
43.21,708
43.22,693
43.23,743
43.24,729
43.25,717
43.26,693
43.27,721
43.28,684
43.29,675
43.3,696
43.31,694
43.32,704
43.33,654
43.34,666
43.35,691
43.36,698
43.37,685
43.38,727
43.39,695
43.4,679
43.41,659
43.42,671
43.43,669
43.44,678
43.45,746
43.46,720
43.47,722
43.48,696
43.49,705
43.5,689
43.51,713
43.52,698
43.53,680
43.54,726
43.55,661
43.56,717
43.57,762
43.58,693
43.59,716
43.6,684
43.61,686
43.62,703
43.63,675
43.64,697
43.65,681
43.66,670
43.67,697
43.68,692
43.69,683
43.7,727
43.71,695
43.72,665
43.73,672
43.74,688
43.75,694
43.76,638
43.77,709
43.78,700
43.79,757
43.8,735
43.81,690
43.82,712
43.83,694
43.84,682
43.85,695
43.86,696
43.87,677
43.88,724
43.89,694
43.9,676
43.91,700
43.92,656
43.93,688
43.94,727
43.95,667
43.96,702
43.97,658
43.98,691
43.99,708
44,683
44.01,681
44.02,740
44.03,674
44.04,706
44.05,707
44.06,767
44.07,698
44.08,730
44.09,706
44.1,743
44.11,695
44.12,733
44.13,753
44.14,735
44.15,670
44.16,683
44.17,688
44.18,689
44.19,707
44.2,737
44.21,732
44.22,663
44.23,711
44.24,682
44.25,713
44.26,660
44.27,694
44.28,679
44.29,695
44.3,697
44.31,677
44.32,690
44.33,712
44.34,681
44.35,706
44.36,677
44.37,690
44.38,662
44.39,659
44.4,683
44.41,730
44.42,689
44.43,668
44.44,668
44.45,703
44.46,686
44.47,725
44.48,715
44.49,670
44.5,665
44.51,684
44.52,686
44.53,678
44.54,730
44.55,724
44.56,723
44.57,735
44.58,740
44.59,711
44.6,682
44.61,729
44.62,723
44.63,666
44.64,724
44.65,737
44.66,734
44.67,699
44.68,731
44.69,700
44.7,697
44.71,692
44.72,710
44.73,698
44.74,669
44.75,728
44.76,745
44.77,730
44.78,733
44.79,686
44.8,663
44.81,756
44.82,726
44.83,756
44.84,756
44.85,738
44.86,708
44.87,765
44.88,731
44.89,728
44.9,733
44.91,706
44.92,747
44.93,734
44.94,765
44.95,747
44.96,771
44.97,774
44.98,748
44.99,735
45,720
45.01,745
45.02,769
45.03,744
45.04,761
45.05,720
45.06,730
45.07,797
45.08,791
45.09,771
45.1,730
45.11,790
45.12,792
45.13,813
45.14,767
45.15,769
45.16,827
45.17,758
45.18,765
45.19,797
45.2,761
45.21,848
45.22,745
45.23,779
45.24,766
45.25,785
45.26,801
45.27,777
45.28,818
45.29,810
45.3,819
45.31,780
45.32,775
45.33,774
45.34,775
45.35,834
45.36,782
45.37,797
45.38,776
45.39,830
45.4,767
45.41,789
45.42,807
45.43,788
45.44,771
45.45,760
45.46,785
45.47,736
45.48,791
45.49,769
45.5,788
45.51,821
45.52,805
45.53,811
45.54,821
45.55,833
45.56,762
45.57,830
45.58,839
45.59,827
45.6,804
45.61,836
45.62,858
45.63,814
45.64,818
45.65,852
45.66,872
45.67,966
45.68,905
45.69,980
45.7,996
45.71,1105
45.72,1198
45.73,1263
45.74,1416
45.75,1536
45.76,1687
45.77,1982
45.78,2281
45.79,2440
45.8,2650
45.81,2784
45.82,2922
45.83,2707
45.84,2590
45.85,2172
45.86,1922
45.87,1754
45.88,1630
45.89,1740
45.9,1677
45.91,1808
45.92,1823
45.93,1824
45.94,1871
45.95,1749
45.96,1663
45.97,1454
45.98,1308
45.99,1189
46,1027
46.01,986
46.02,928
46.03,948
46.04,879
46.05,829
46.06,861
46.07,834
46.08,792
46.09,819
46.1,779
46.11,768
46.12,794
46.13,753
46.14,781
46.15,790
46.16,713
46.17,718
46.18,704
46.19,725
46.2,749
46.21,727
46.22,705
46.23,713
46.24,718
46.25,685
46.26,715
46.27,720
46.28,728
46.29,700
46.3,716
46.31,691
46.32,688
46.33,715
46.34,658
46.35,704
46.36,680
46.37,657
46.38,668
46.39,681
46.4,659
46.41,708
46.42,615
46.43,682
46.44,673
46.45,701
46.46,649
46.47,662
46.48,665
46.49,696
46.5,678
46.51,673
46.52,692
46.53,684
46.54,699
46.55,691
46.56,688
46.57,691
46.58,687
46.59,699
46.6,694
46.61,685
46.62,691
46.63,671
46.64,684
46.65,693
46.66,650
46.67,691
46.68,657
46.69,659
46.7,675
46.71,702
46.72,657
46.73,708
46.74,665
46.75,660
46.76,688
46.77,661
46.78,672
46.79,712
46.8,662
46.81,679
46.82,668
46.83,625
46.84,633
46.85,693
46.86,643
46.87,705
46.88,710
46.89,676
46.9,683
46.91,656
46.92,643
46.93,681
46.94,652
46.95,690
46.96,688
46.97,677
46.98,632
46.99,642
47,648
47.01,620
47.02,684
47.03,671
47.04,664
47.05,633
47.06,644
47.07,640
47.08,661
47.09,660
47.1,675
47.11,642
47.12,685
47.13,676
47.14,692
47.15,732
47.16,632
47.17,674
47.18,655
47.19,644
47.2,653
47.21,697
47.22,636
47.23,661
47.24,616
47.25,659
47.26,644
47.27,691
47.28,656
47.29,619
47.3,596
47.31,599
47.32,593
47.33,643
47.34,636
47.35,644
47.36,665
47.37,603
47.38,662
47.39,647
47.4,647
47.41,681
47.42,687
47.43,666
47.44,674
47.45,641
47.46,644
47.47,638
47.48,617
47.49,641
47.5,611
47.51,680
47.52,639
47.53,645
47.54,658
47.55,641
47.56,653
47.57,684
47.58,706
47.59,624
47.6,725
47.61,655
47.62,624
47.63,618
47.64,646
47.65,628
47.66,667
47.67,680
47.68,668
47.69,659
47.7,631
47.71,667
47.72,634
47.73,651
47.74,622
47.75,674
47.76,652
47.77,667
47.78,674
47.79,648
47.8,647
47.81,688
47.82,650
47.83,657
47.84,678
47.85,646
47.86,650
47.87,691
47.88,678
47.89,673
47.9,689
47.91,667
47.92,700
47.93,705
47.94,683
47.95,704
47.96,704
47.97,753
47.98,681
47.99,687
48,710
48.01,721
48.02,704
48.03,760
48.04,725
48.05,715
48.06,706
48.07,730
48.08,711
48.09,769
48.1,722
48.11,745
48.12,728
48.13,723
48.14,698
48.15,729
48.16,697
48.17,722
48.18,716
48.19,757
48.2,680
48.21,672
48.22,764
48.23,705
48.24,705
48.25,715
48.26,710
48.27,748
48.28,694
48.29,648
48.3,707
48.31,672
48.32,699
48.33,662
48.34,670
48.35,730
48.36,704
48.37,738
48.38,709
48.39,705
48.4,690
48.41,676
48.42,690
48.43,660
48.44,667
48.45,729
48.46,721
48.47,652
48.48,693
48.49,665
48.5,722
48.51,665
48.52,648
48.53,716
48.54,680
48.55,668
48.56,662
48.57,658
48.58,661
48.59,679
48.6,675
48.61,662
48.62,658
48.63,704
48.64,668
48.65,677
48.66,667
48.67,672
48.68,690
48.69,654
48.7,661
48.71,637
48.72,687
48.73,660
48.74,648
48.75,661
48.76,675
48.77,673
48.78,643
48.79,599
48.8,651
48.81,614
48.82,645
48.83,618
48.84,650
48.85,685
48.86,642
48.87,663
48.88,672
48.89,676
48.9,620
48.91,631
48.92,690
48.93,616
48.94,633
48.95,658
48.96,692
48.97,699
48.98,677
48.99,668
49,642
49.01,644
49.02,699
49.03,651
49.04,646
49.05,712
49.06,678
49.07,672
49.08,674
49.09,702
49.1,642
49.11,682
49.12,714
49.13,672
49.14,674
49.15,671
49.16,727
49.17,708
49.18,715
49.19,652
49.2,677
49.21,676
49.22,676
49.23,699
49.24,696
49.25,659
49.26,677
49.27,689
49.28,642
49.29,655
49.3,607
49.31,641
49.32,654
49.33,670
49.34,691
49.35,684
49.36,672
49.37,707
49.38,713
49.39,703
49.4,666
49.41,678
49.42,649
49.43,697
49.44,685
49.45,675
49.46,705
49.47,715
49.48,713
49.49,680
49.5,705
49.51,712
49.52,724
49.53,721
49.54,669
49.55,728
49.56,697
49.57,656
49.58,694
49.59,728
49.6,697
49.61,737
49.62,732
49.63,727
49.64,712
49.65,759
49.66,711
49.67,695
49.68,745
49.69,692
49.7,696
49.71,750
49.72,771
49.73,732
49.74,739
49.75,755
49.76,750
49.77,739
49.78,696
49.79,795
49.8,730
49.81,778
49.82,764
49.83,776
49.84,858
49.85,826
49.86,850
49.87,857
49.88,938
49.89,911
49.9,960
49.91,996
49.92,1053
49.93,1018
49.94,1110
49.95,1145
49.96,1180
49.97,1260
49.98,1241
49.99,1263
50,1344
50.01,1386
50.02,1483
50.03,1594
50.04,1766
50.05,1985
50.06,2197
50.07,2549
50.08,2961
50.09,3393
50.1,4068
50.11,4664
50.12,5495
50.13,6573
50.14,7289
50.15,8345
50.16,8661
50.17,8571
50.18,8081
50.19,7057
50.2,5960
50.21,5125
50.22,4409
50.23,4112
50.24,3954
50.25,4024
50.26,4260
50.27,4512
50.28,4863
50.29,4904
50.3,4819
50.31,4565
50.32,4030
50.33,3516
50.34,2898
50.35,2392
50.36,2016
50.37,1730
50.38,1516
50.39,1291
50.4,1177
50.41,1159
50.42,1121
50.43,1058
50.44,1048
50.45,966
50.46,930
50.47,890
50.48,883
50.49,848
50.5,872
50.51,847
50.52,801
50.53,805
50.54,809
50.55,841
50.56,799
50.57,813
50.58,830
50.59,844
50.6,835
50.61,854
50.62,922
50.63,860
50.64,889
50.65,930
50.66,959
50.67,876
50.68,821
50.69,814
50.7,817
50.71,763
50.72,802
50.73,733
50.74,760
50.75,822
50.76,823
50.77,801
50.78,765
50.79,778
50.8,761
50.81,795
50.82,756
50.83,734
50.84,763
50.85,713
50.86,656
50.87,659
50.88,722
50.89,712
50.9,631
50.91,714
50.92,678
50.93,674
50.94,700
50.95,630
50.96,666
50.97,665
50.98,691
50.99,688
51,681
51.01,693
51.02,687
51.03,676
51.04,704
51.05,710
51.06,699
51.07,683
51.08,672
51.09,694
51.1,688
51.11,681
51.12,693
51.13,687
51.14,686
51.15,714
51.16,679
51.17,726
51.18,691
51.19,712
51.2,744
51.21,760
51.22,737
51.23,696
51.24,674
51.25,692
51.26,718
51.27,706
51.28,656
51.29,672
51.3,684
51.31,691
51.32,705
51.33,693
51.34,677
51.35,689
51.36,705
51.37,694
51.38,625
51.39,675
51.4,654
51.41,664
51.42,627
51.43,628
51.44,644
51.45,657
51.46,667
51.47,626
51.48,635
51.49,622
51.5,666
51.51,639
51.52,638
51.53,657
51.54,640
51.55,676
51.56,651
51.57,640
51.58,638
51.59,681
51.6,626
51.61,619
51.62,647
51.63,643
51.64,590
51.65,652
51.66,634
51.67,631
51.68,591
51.69,651
51.7,568
51.71,654
51.72,672
51.73,651
51.74,627
51.75,609
51.76,620
51.77,668
51.78,666
51.79,641
51.8,632
51.81,627
51.82,598
51.83,583
51.84,616
51.85,614
51.86,613
51.87,643
51.88,640
51.89,604
51.9,600
51.91,633
51.92,640
51.93,639
51.94,644
51.95,616
51.96,652
51.97,617
51.98,646
51.99,616
52,616
52.01,605
52.02,604
52.03,638
52.04,603
52.05,615
52.06,597
52.07,610
52.08,631
52.09,645
52.1,625
52.11,641
52.12,600
52.13,646
52.14,625
52.15,634
52.16,663
52.17,660
52.18,630
52.19,619
52.2,599
52.21,647
52.22,680
52.23,660
52.24,646
52.25,661
52.26,703
52.27,686
52.28,674
52.29,662
52.3,647
52.31,668
52.32,664
52.33,645
52.34,685
52.35,679
52.36,654
52.37,654
52.38,662
52.39,663
52.4,654
52.41,646
52.42,671
52.43,663
52.44,631
52.45,649
52.46,647
52.47,634
52.48,720
52.49,659
52.5,683
52.51,660
52.52,652
52.53,666
52.54,702
52.55,688
52.56,633
52.57,688
52.58,641
52.59,666
52.6,727
52.61,665
52.62,649
52.63,671
52.64,647
52.65,656
52.66,647
52.67,705
52.68,696
52.69,667
52.7,684
52.71,694
52.72,687
52.73,698
52.74,656
52.75,720
52.76,683
52.77,725
52.78,694
52.79,710
52.8,676
52.81,668
52.82,662
52.83,668
52.84,665
52.85,680
52.86,643
52.87,676
52.88,630
52.89,659
52.9,646
52.91,647
52.92,691
52.93,659
52.94,670
52.95,684
52.96,666
52.97,687
52.98,677
52.99,649
53,677
53.01,662
53.02,681
53.03,677
53.04,707
53.05,689
53.06,666
53.07,657
53.08,669
53.09,675
53.1,681
53.11,723
53.12,687
53.13,680
53.14,700
53.15,707
53.16,732
53.17,700
53.18,690
53.19,686
53.2,641
53.21,683
53.22,714
53.23,661
53.24,673
53.25,672
53.26,700
53.27,681
53.28,720
53.29,681
53.3,683
53.31,698
53.32,699
53.33,693
53.34,697
53.35,704
53.36,694
53.37,661
53.38,678
53.39,645
53.4,690
53.41,697
53.42,684
53.43,683
53.44,713
53.45,712
53.46,722
53.47,675
53.48,690
53.49,694
53.5,673
53.51,665
53.52,707
53.53,661
53.54,699
53.55,638
53.56,695
53.57,629
53.58,682
53.59,671
53.6,680
53.61,616
53.62,698
53.63,676
53.64,687
53.65,671
53.66,664
53.67,666
53.68,686
53.69,652
53.7,680
53.71,702
53.72,708
53.73,643
53.74,643
53.75,670
53.76,685
53.77,695
53.78,695
53.79,715
53.8,669
53.81,670
53.82,709
53.83,695
53.84,704
53.85,739
53.86,712
53.87,713
53.88,713
53.89,737
53.9,793
53.91,735
53.92,758
53.93,738
53.94,750
53.95,757
53.96,717
53.97,736
53.98,706
53.99,731
54,774
54.01,750
54.02,713
54.03,749
54.04,713
54.05,717
54.06,685
54.07,737
54.08,743
54.09,705
54.1,736
54.11,730
54.12,754
54.13,755
54.14,687
54.15,722
54.16,720
54.17,721
54.18,712
54.19,725
54.2,709
54.21,725
54.22,735
54.23,721
54.24,760
54.25,695
54.26,747
54.27,768
54.28,754
54.29,791
54.3,775
54.31,744
54.32,770
54.33,738
54.34,748
54.35,737
54.36,810
54.37,753
54.38,780
54.39,752
54.4,744
54.41,787
54.42,725
54.43,729
54.44,759
54.45,764
54.46,772
54.47,773
54.48,744
54.49,760
54.5,800
54.51,762
54.52,741
54.53,754
54.54,753
54.55,770
54.56,794
54.57,771
54.58,769
54.59,782
54.6,778
54.61,829
54.62,780
54.63,835
54.64,774
54.65,819
54.66,823
54.67,831
54.68,864
54.69,915
54.7,866
54.71,909
54.72,911
54.73,950
54.74,1029
54.75,1022
54.76,1032
54.77,1056
54.78,1081
54.79,1203
54.8,1412
54.81,1428
54.82,1668
54.83,1804
54.84,2007
54.85,2211
54.86,2509
54.87,2791
54.88,3097
54.89,3270
54.9,3358
54.91,3190
54.92,3138
54.93,2841
54.94,2515
54.95,2150
54.96,1997
54.97,1841
54.98,1894
54.99,1863
55,1914
55.01,1969
55.02,2059
55.03,2090
55.04,2158
55.05,2132
55.06,2067
55.07,2023
55.08,1740
55.09,1641
55.1,1456
55.11,1388
55.12,1248
55.13,1169
55.14,1095
55.15,1165
55.16,1097
55.17,975
55.18,1040
55.19,1018
55.2,1011
55.21,965
55.22,989
55.23,979
55.24,1010
55.25,1049
55.26,1097
55.27,1195
55.28,1163
55.29,1205
55.3,1275
55.31,1434
55.32,1569
55.33,1673
55.34,1791
55.35,1828
55.36,1833
55.37,1739
55.38,1615
55.39,1521
55.4,1379
55.41,1259
55.42,1240
55.43,1189
55.44,1211
55.45,1131
55.46,1186
55.47,1212
55.48,1280
55.49,1301
55.5,1311
55.51,1291
55.52,1229
55.53,1185
55.54,1139
55.55,1036
55.56,1038
55.57,968
55.58,885
55.59,855
55.6,823
55.61,818
55.62,830
55.63,822
55.64,801
55.65,793
55.66,824
55.67,780
55.68,755
55.69,817
55.7,792
55.71,787
55.72,805
55.73,761
55.74,738
55.75,787
55.76,731
55.77,750
55.78,743
55.79,740
55.8,766
55.81,793
55.82,801
55.83,739
55.84,737
55.85,732
55.86,728
55.87,785
55.88,777
55.89,779
55.9,733
55.91,731
55.92,806
55.93,793
55.94,774
55.95,770
55.96,818
55.97,767
55.98,740
55.99,790
56,741
56.01,758
56.02,781
56.03,742
56.04,731
56.05,727
56.06,767
56.07,702
56.08,733
56.09,755
56.1,748
56.11,761
56.12,735
56.13,761
56.14,713
56.15,753
56.16,748
56.17,696
56.18,721
56.19,703
56.2,695
56.21,710
56.22,736
56.23,722
56.24,724
56.25,739
56.26,726
56.27,755
56.28,753
56.29,725
56.3,702
56.31,707
56.32,743
56.33,750
56.34,732
56.35,718
56.36,672
56.37,697
56.38,760
56.39,692
56.4,702
56.41,701
56.42,703
56.43,721
56.44,700
56.45,708
56.46,726
56.47,725
56.48,671
56.49,670
56.5,709
56.51,730
56.52,727
56.53,711
56.54,725
56.55,702
56.56,712
56.57,720
56.58,683
56.59,671
56.6,701
56.61,727
56.62,669
56.63,673
56.64,728
56.65,722
56.66,725
56.67,687
56.68,693
56.69,699
56.7,740
56.71,697
56.72,729
56.73,708
56.74,677
56.75,698
56.76,675
56.77,768
56.78,726
56.79,738
56.8,724
56.81,691
56.82,710
56.83,700
56.84,655
56.85,666
56.86,703
56.87,678
56.88,733
56.89,721
56.9,680
56.91,700
56.92,720
56.93,649
56.94,661
56.95,696
56.96,666
56.97,703
56.98,684
56.99,693
57,685
57.01,707
57.02,728
57.03,700
57.04,661
57.05,723
57.06,701
57.07,703
57.08,692
57.09,668
57.1,666
57.11,696
57.12,661
57.13,665
57.14,720
57.15,679
57.16,710
57.17,753
57.18,739
57.19,714
57.2,761
57.21,761
57.22,779
57.23,841
57.24,797
57.25,818
57.26,811
57.27,828
57.28,789
57.29,795
57.3,777
57.31,754
57.32,806
57.33,753
57.34,777
57.35,759
57.36,729
57.37,736
57.38,777
57.39,776
57.4,773
57.41,716
57.42,741
57.43,741
57.44,762
57.45,700
57.46,766
57.47,770
57.48,731
57.49,710
57.5,684
57.51,675
57.52,687
57.53,679
57.54,681
57.55,688
57.56,705
57.57,682
57.58,670
57.59,700
57.6,678
57.61,683
57.62,707
57.63,663
57.64,730
57.65,673
57.66,638
57.67,698
57.68,687
57.69,673
57.7,722
57.71,704
57.72,686
57.73,671
57.74,662
57.75,684
57.76,671
57.77,712
57.78,699
57.79,691
57.8,695
57.81,701
57.82,694
57.83,664
57.84,661
57.85,703
57.86,703
57.87,731
57.88,669
57.89,718
57.9,687
57.91,674
57.92,688
57.93,686
57.94,673
57.95,707
57.96,661
57.97,709
57.98,721
57.99,695
58,687
58.01,712
58.02,672
58.03,684
58.04,677
58.05,711
58.06,687
58.07,701
58.08,707
58.09,684
58.1,692
58.11,675
58.12,660
58.13,700
58.14,687
58.15,682
58.16,690
58.17,680
58.18,657
58.19,712
58.2,749
58.21,720
58.22,738
58.23,702
58.24,678
58.25,640
58.26,691
58.27,662
58.28,699
58.29,661
58.3,684
58.31,717
58.32,698
58.33,699
58.34,694
58.35,678
58.36,678
58.37,673
58.38,631
58.39,631
58.4,672
58.41,661
58.42,643
58.43,708
58.44,675
58.45,654
58.46,670
58.47,672
58.48,665
58.49,648
58.5,709
58.51,688
58.52,697
58.53,653
58.54,678
58.55,657
58.56,698
58.57,715
58.58,673
58.59,686
58.6,677
58.61,741
58.62,713
58.63,718
58.64,744
58.65,708
58.66,760
58.67,747
58.68,740
58.69,819
58.7,785
58.71,743
58.72,808
58.73,790
58.74,777
58.75,810
58.76,805
58.77,820
58.78,750
58.79,708
58.8,728
58.81,727
58.82,738
58.83,725
58.84,714
58.85,703
58.86,740
58.87,743
58.88,768
58.89,791
58.9,746
58.91,692
58.92,732
58.93,763
58.94,694
58.95,749
58.96,742
58.97,725
58.98,750
58.99,746
59,703
59.01,691
59.02,688
59.03,728
59.04,702
59.05,698
59.06,720
59.07,695
59.08,712
59.09,690
59.1,744
59.11,695
59.12,698
59.13,737
59.14,691
59.15,740
59.16,733
59.17,729
59.18,710
59.19,753
59.2,720
59.21,762
59.22,758
59.23,737
59.24,717
59.25,739
59.26,741
59.27,750
59.28,784
59.29,804
59.3,741
59.31,707
59.32,726
59.33,707
59.34,736
59.35,753
59.36,781
59.37,787
59.38,769
59.39,761
59.4,741
59.41,734
59.42,764
59.43,786
59.44,752
59.45,756
59.46,813
59.47,765
59.48,782
59.49,800
59.5,807
59.51,806
59.52,807
59.53,790
59.54,753
59.55,774
59.56,804
59.57,856
59.58,838
59.59,865
59.6,852
59.61,832
59.62,882
59.63,807
59.64,856
59.65,914
59.66,914
59.67,886
59.68,886
59.69,1001
59.7,976
59.71,1005
59.72,1052
59.73,1046
59.74,1023
59.75,1114
59.76,1135
59.77,1195
59.78,1237
59.79,1234
59.8,1331
59.81,1280
59.82,1406
59.83,1444
59.84,1555
59.85,1672
59.86,1754
59.87,1964
59.88,2294
59.89,2397
59.9,2745
59.91,3141
59.92,3538
59.93,3957
59.94,4501
59.95,5121
59.96,5718
59.97,6157
59.98,6407
59.99,6671
60,6574
60.01,6101
60.02,5541
60.03,4698
60.04,4138
60.05,3696
60.06,3419
60.07,3191
60.08,3094
60.09,3188
60.1,3148
60.11,3374
60.12,3466
60.13,3662
60.14,3866
60.15,3865
60.16,3782
60.17,3621
60.18,3378
60.19,2945
60.2,2483
60.21,2283
60.22,1961
60.23,1676
60.24,1543
60.25,1373
60.26,1316
60.27,1188
60.28,1145
60.29,1098
60.3,1067
60.31,1028
60.32,984
60.33,966
60.34,917
60.35,979
60.36,935
60.37,888
60.38,888
60.39,853
60.4,840
60.41,786
60.42,831
60.43,832
60.44,764
60.45,794
60.46,766
60.47,777
60.48,820
60.49,801
60.5,797
60.51,824
60.52,823
60.53,751
60.54,725
60.55,744
60.56,738
60.57,736
60.58,730
60.59,742
60.6,784
60.61,773
60.62,754
60.63,728
60.64,767
60.65,770
60.66,681
60.67,701
60.68,698
60.69,706
60.7,780
60.71,749
60.72,676
60.73,696
60.74,718
60.75,733
60.76,740
60.77,714
60.78,712
60.79,725
60.8,680
60.81,747
60.82,728
60.83,781
60.84,694
60.85,753
60.86,762
60.87,744
60.88,741
60.89,714
60.9,699
60.91,736
60.92,723
60.93,686
60.94,752
60.95,729
60.96,709
60.97,724
60.98,702
60.99,729
61,717
61.01,747
61.02,718
61.03,702
61.04,713
61.05,721
61.06,758
61.07,730
61.08,680
61.09,710
61.1,770
61.11,736
61.12,718
61.13,698
61.14,675
61.15,701
61.16,710
61.17,715
61.18,720
61.19,741
61.2,720
61.21,717
61.22,764
61.23,777
61.24,720
61.25,713
61.26,727
61.27,746
61.28,744
61.29,714
61.3,727
61.31,754
61.32,758
61.33,763
61.34,781
61.35,769
61.36,730
61.37,723
61.38,759
61.39,785
61.4,790
61.41,726
61.42,794
61.43,787
61.44,766
61.45,795
61.46,750
61.47,801
61.48,744
61.49,781
61.5,804
61.51,825
61.52,788
61.53,874
61.54,790
61.55,821
61.56,821
61.57,818
61.58,843
61.59,797
61.6,812
61.61,810
61.62,804
61.63,796
61.64,790
61.65,879
61.66,808
61.67,846
61.68,823
61.69,837
61.7,881
61.71,869
61.72,818
61.73,835
61.74,880
61.75,886
61.76,916
61.77,937
61.78,877
61.79,870
61.8,917
61.81,895
61.82,858
61.83,896
61.84,866
61.85,869
61.86,832
61.87,866
61.88,881
61.89,928
61.9,864
61.91,863
61.92,858
61.93,830
61.94,870
61.95,828
61.96,860
61.97,889
61.98,884
61.99,859
62,827
62.01,900
62.02,837
62.03,790
62.04,818
62.05,890
62.06,856
62.07,878
62.08,843
62.09,828
62.1,919
62.11,852
62.12,820
62.13,846
62.14,778
62.15,837
62.16,838
62.17,838
62.18,814
62.19,867
62.2,801
62.21,773
62.22,791
62.23,791
62.24,790
62.25,793
62.26,779
62.27,806
62.28,811
62.29,804
62.3,804
62.31,793
62.32,808
62.33,811
62.34,776
62.35,784
62.36,727
62.37,747
62.38,794
62.39,765
62.4,736
62.41,751
62.42,734
62.43,778
62.44,810
62.45,792
62.46,737
62.47,814
62.48,746
62.49,795
62.5,768
62.51,725
62.52,756
62.53,726
62.54,787
62.55,754
62.56,767
62.57,685
62.58,763
62.59,725
62.6,725
62.61,748
62.62,774
62.63,748
62.64,744
62.65,718
62.66,765
62.67,728
62.68,751
62.69,713
62.7,765
62.71,733
62.72,753
62.73,709
62.74,716
62.75,735
62.76,715
62.77,715
62.78,691
62.79,749
62.8,722
62.81,747
62.82,721
62.83,695
62.84,699
62.85,734
62.86,699
62.87,690
62.88,692
62.89,691
62.9,692
62.91,651
62.92,679
62.93,682
62.94,672
62.95,729
62.96,698
62.97,692
62.98,651
62.99,711
63,713
63.01,668
63.02,687
63.03,681
63.04,689
63.05,639
63.06,684
63.07,626
63.08,678
63.09,663
63.1,670
63.11,655
63.12,702
63.13,705
63.14,687
63.15,705
63.16,710
63.17,664
63.18,672
63.19,675
63.2,639
63.21,695
63.22,639
63.23,653
63.24,655
63.25,657
63.26,696
63.27,694
63.28,704
63.29,662
63.3,742
63.31,684
63.32,694
63.33,646
63.34,701
63.35,684
63.36,645
63.37,659
63.38,662
63.39,664
63.4,699
63.41,675
63.42,665
63.43,682
63.44,693
63.45,659
63.46,599
63.47,668
63.48,661
63.49,666
63.5,659
63.51,705
63.52,689
63.53,693
63.54,679
63.55,760
63.56,690
63.57,717
63.58,687
63.59,668
63.6,716
63.61,682
63.62,689
63.63,684
63.64,676
63.65,673
63.66,685
63.67,715
63.68,701
63.69,734
63.7,699
63.71,682
63.72,751
63.73,710
63.74,720
63.75,721
63.76,689
63.77,749
63.78,782
63.79,760
63.8,737
63.81,756
63.82,738
63.83,742
63.84,714
63.85,775
63.86,765
63.87,782
63.88,807
63.89,802
63.9,817
63.91,824
63.92,790
63.93,900
63.94,872
63.95,909
63.96,954
63.97,958
63.98,1013
63.99,1099
64,1178
64.01,1282
64.02,1302
64.03,1413
64.04,1484
64.05,1583
64.06,1666
64.07,1651
64.08,1681
64.09,1596
64.1,1563
64.11,1408
64.12,1298
64.13,1183
64.14,1108
64.15,1058
64.16,1071
64.17,1055
64.18,1070
64.19,1082
64.2,1094
64.21,1130
64.22,1125
64.23,1163
64.24,1185
64.25,1200
64.26,1190
64.27,1032
64.28,1084
64.29,967
64.3,931
64.31,909
64.32,811
64.33,821
64.34,766
64.35,744
64.36,714
64.37,735
64.38,736
64.39,742
64.4,714
64.41,723
64.42,720
64.43,751
64.44,699
64.45,662
64.46,653
64.47,691
64.48,660
64.49,665
64.5,647
64.51,670
64.52,689
64.53,667
64.54,660
64.55,641
64.56,655
64.57,621
64.58,651
64.59,682
64.6,677
64.61,675
64.62,677
64.63,659
64.64,677
64.65,676
64.66,697
64.67,670
64.68,643
64.69,686
64.7,653
64.71,686
64.72,705
64.73,672
64.74,709
64.75,688
64.76,676
64.77,698
64.78,703
64.79,670
64.8,662
64.81,673
64.82,616
64.83,660
64.84,646
64.85,615
64.86,646
64.87,645
64.88,682
64.89,626
64.9,606
64.91,644
64.92,673
64.93,650
64.94,677
64.95,642
64.96,680
64.97,627
64.98,629
64.99,639
65,633
65.01,656
65.02,689
65.03,664
65.04,664
65.05,645
65.06,681
65.07,726
65.08,641
65.09,689
65.1,689
65.11,670
65.12,673
65.13,672
65.14,701
65.15,651
65.16,704
65.17,655
65.18,696
65.19,742
65.2,683
65.21,712
65.22,699
65.23,679
65.24,667
65.25,681
65.26,708
65.27,655
65.28,643
65.29,715
65.3,708
65.31,676
65.32,684
65.33,713
65.34,690
65.35,714
65.36,714
65.37,683
65.38,681
65.39,678
65.4,748
65.41,731
65.42,722
65.43,672
65.44,700
65.45,708
65.46,685
65.47,686
65.48,715
65.49,689
65.5,701
65.51,643
65.52,641
65.53,685
65.54,641
65.55,727
65.56,717
65.57,682
65.58,714
65.59,704
65.6,712
65.61,703
65.62,674
65.63,705
65.64,716
65.65,668
65.66,733
65.67,744
65.68,764
65.69,720
65.7,768
65.71,747
65.72,751
65.73,776
65.74,772
65.75,836
65.76,831
65.77,869
65.78,908
65.79,934
65.8,991
65.81,997
65.82,1011
65.83,991
65.84,986
65.85,938
65.86,882
65.87,900
65.88,851
65.89,830
65.9,804
65.91,790
65.92,798
65.93,748
65.94,796
65.95,805
65.96,816
65.97,796
65.98,830
65.99,843
66,822
66.01,852
66.02,800
66.03,856
66.04,771
66.05,789
66.06,769
66.07,743
66.08,723
66.09,792
66.1,713
66.11,739
66.12,700
66.13,699
66.14,751
66.15,692
66.16,701
66.17,740
66.18,661
66.19,677
66.2,693
66.21,724
66.22,682
66.23,687
66.24,697
66.25,702
66.26,632
66.27,689
66.28,667
66.29,695
66.3,670
66.31,664
66.32,636
66.33,647
66.34,659
66.35,671
66.36,652
66.37,653
66.38,657
66.39,670
66.4,674
66.41,675
66.42,689
66.43,655
66.44,684
66.45,669
66.46,681
66.47,649
66.48,662
66.49,704
66.5,681
66.51,682
66.52,682
66.53,643
66.54,686
66.55,669
66.56,628
66.57,673
66.58,673
66.59,641
66.6,667
66.61,688
66.62,683
66.63,702
66.64,690
66.65,687
66.66,652
66.67,676
66.68,672
66.69,696
66.7,700
66.71,659
66.72,665
66.73,667
66.74,730
66.75,686
66.76,664
66.77,678
66.78,711
66.79,644
66.8,654
66.81,664
66.82,655
66.83,681
66.84,675
66.85,655
66.86,642
66.87,690
66.88,680
66.89,701
66.9,660
66.91,692
66.92,651
66.93,678
66.94,672
66.95,658
66.96,733
66.97,673
66.98,678
66.99,683
67,683
67.01,656
67.02,644
67.03,676
67.04,696
67.05,661
67.06,649
67.07,685
67.08,708
67.09,712
67.1,677
67.11,666
67.12,674
67.13,692
67.14,722
67.15,680
67.16,684
67.17,705
67.18,723
67.19,665
67.2,751
67.21,746
67.22,797
67.23,724
67.24,703
67.25,729
67.26,707
67.27,739
67.28,711
67.29,743
67.3,792
67.31,784
67.32,761
67.33,740
67.34,758
67.35,783
67.36,726
67.37,791
67.38,770
67.39,799
67.4,777
67.41,804
67.42,787
67.43,819
67.44,822
67.45,844
67.46,822
67.47,834
67.48,823
67.49,832
67.5,843
67.51,900
67.52,898
67.53,922
67.54,941
67.55,940
67.56,1010
67.57,1024
67.58,1054
67.59,1044
67.6,1069
67.61,1168
67.62,1211
67.63,1314
67.64,1314
67.65,1498
67.66,1529
67.67,1632
67.68,1833
67.69,1944
67.7,2060
67.71,2282
67.72,2586
67.73,2910
67.74,3235
67.75,3613
67.76,3755
67.77,4027
67.78,3965
67.79,4038
67.8,3873
67.81,3675
67.82,3253
67.83,2873
67.84,2567
67.85,2467
67.86,2321
67.87,2208
67.88,2115
67.89,2144
67.9,2145
67.91,2247
67.92,2381
67.93,2341
67.94,2561
67.95,2763
67.96,2916
67.97,2864
67.98,2911
67.99,2796
68,2626
68.01,2496
68.02,2366
68.03,2356
68.04,2162
68.05,2158
68.06,2242
68.07,2331
68.08,2441
68.09,2684
68.1,2930
68.11,3152
68.12,3500
68.13,3901
68.14,4372
68.15,4846
68.16,5202
68.17,5694
68.18,6134
68.19,6155
68.2,6006
68.21,5627
68.22,5205
68.23,4558
68.24,4180
68.25,3905
68.26,3645
68.27,3587
68.28,3552
68.29,3700
68.3,3888
68.31,4196
68.32,4463
68.33,4928
68.34,5236
68.35,5428
68.36,5542
68.37,5587
68.38,5447
68.39,5063
68.4,4586
68.41,4059
68.42,3599
68.43,3256
68.44,2847
68.45,2515
68.46,2335
68.47,2306
68.48,2234
68.49,2245
68.5,2152
68.51,2193
68.52,2207
68.53,2248
68.54,2235
68.55,2210
68.56,2059
68.57,1932
68.58,1857
68.59,1696
68.6,1479
68.61,1418
68.62,1314
68.63,1207
68.64,1097
68.65,1092
68.66,1025
68.67,1037
68.68,986
68.69,958
68.7,917
68.71,899
68.72,889
68.73,847
68.74,858
68.75,848
68.76,795
68.77,824
68.78,839
68.79,788
68.8,800
68.81,807
68.82,782
68.83,739
68.84,764
68.85,745
68.86,798
68.87,769
68.88,756
68.89,774
68.9,770
68.91,773
68.92,772
68.93,748
68.94,771
68.95,720
68.96,757
68.97,745
68.98,706
68.99,702
69,735
69.01,766
69.02,758
69.03,759
69.04,791
69.05,770
69.06,777
69.07,782
69.08,738
69.09,713
69.1,756
69.11,715
69.12,701
69.13,772
69.14,773
69.15,737
69.16,738
69.17,735
69.18,677
69.19,712
69.2,737
69.21,749
69.22,723
69.23,688
69.24,728
69.25,735
69.26,700
69.27,732
69.28,736
69.29,699
69.3,696
69.31,743
69.32,690
69.33,747
69.34,697
69.35,735
69.36,739
69.37,705
69.38,720
69.39,740
69.4,701
69.41,725
69.42,737
69.43,772
69.44,713
69.45,749
69.46,728
69.47,726
69.48,764
69.49,717
69.5,733
69.51,711
69.52,698
69.53,730
69.54,723
69.55,710
69.56,689
69.57,709
69.58,725
69.59,710
69.6,739
69.61,733
69.62,772
69.63,686
69.64,736
69.65,717
69.66,734
69.67,681
69.68,711
69.69,709
69.7,740
69.71,724
69.72,692
69.73,702
69.74,716
69.75,659
69.76,682
69.77,699
69.78,728
69.79,693
69.8,740
69.81,718
69.82,716
69.83,689
69.84,713
69.85,685
69.86,669
69.87,675
69.88,739
69.89,718
69.9,699
69.91,723
69.92,707
69.93,701
69.94,696
69.95,716
69.96,682
69.97,730
69.98,680
69.99,724
70,672
70.01,701
70.02,679
70.03,712
70.04,701
70.05,722
70.06,701
70.07,728
70.08,688
70.09,672
70.1,671
70.11,748
70.12,705
70.13,714
70.14,686
70.15,691
70.16,709
70.17,700
70.18,695
70.19,631
70.2,699
70.21,693
70.22,684
70.23,673
70.24,653
70.25,665
70.26,658
70.27,685
70.28,653
70.29,687
70.3,713
70.31,689
70.32,697
70.33,695
70.34,680
70.35,730
70.36,741
70.37,667
70.38,683
70.39,712
70.4,660
70.41,685
70.42,673
70.43,697
70.44,718
70.45,688
70.46,713
70.47,715
70.48,662
70.49,666
70.5,695
70.51,648
70.52,682
70.53,704
70.54,682
70.55,673
70.56,678
70.57,698
70.58,700
70.59,661
70.6,669
70.61,679
70.62,658
70.63,685
70.64,709
70.65,722
70.66,699
70.67,683
70.68,687
70.69,645
70.7,663
70.71,694
70.72,670
70.73,689
70.74,648
70.75,700
70.76,650
70.77,720
70.78,707
70.79,702
70.8,673
70.81,667
70.82,658
70.83,616
70.84,664
70.85,665
70.86,659
70.87,674
70.88,689
70.89,693
70.9,666
70.91,694
70.92,696
70.93,668
70.94,649
70.95,702
70.96,660
70.97,697
70.98,671
70.99,697
71,690
71.01,677
71.02,637
71.03,678
71.04,725
71.05,688
71.06,654
71.07,649
71.08,688
71.09,678
71.1,654
71.11,660
71.12,659
71.13,674
71.14,647
71.15,671
71.16,669
71.17,670
71.18,655
71.19,683
71.2,712
71.21,718
71.22,657
71.23,654
71.24,648
71.25,665
71.26,673
71.27,656
71.28,639
71.29,651
71.3,675
71.31,667
71.32,713
71.33,667
71.34,653
71.35,668
71.36,661
71.37,681
71.38,679
71.39,701
71.4,700
71.41,703
71.42,680
71.43,701
71.44,685
71.45,701
71.46,681
71.47,676
71.48,698
71.49,685
71.5,687
71.51,691
71.52,698
71.53,658
71.54,696
71.55,666
71.56,629
71.57,644
71.58,664
71.59,701
71.6,661
71.61,686
71.62,633
71.63,655
71.64,703
71.65,644
71.66,693
71.67,681
71.68,659
71.69,708
71.7,659
71.71,673
71.72,676
71.73,673
71.74,659
71.75,604
71.76,666
71.77,677
71.78,669
71.79,620
71.8,666
71.81,659
71.82,661
71.83,661
71.84,649
71.85,656
71.86,647
71.87,648
71.88,644
71.89,661
71.9,684
71.91,677
71.92,658
71.93,652
71.94,619
71.95,682
71.96,641
71.97,650
71.98,643
71.99,644
72,690
72.01,654
72.02,646
72.03,657
72.04,680
72.05,696
72.06,672
72.07,668
72.08,681
72.09,611
72.1,676
72.11,648
72.12,663
72.13,654
72.14,653
72.15,634
72.16,666
72.17,654
72.18,697
72.19,645
72.2,634
72.21,646
72.22,663
72.23,639
72.24,687
72.25,685
72.26,675
72.27,696
72.28,654
72.29,699
72.3,655
72.31,665
72.32,648
72.33,686
72.34,663
72.35,675
72.36,702
72.37,657
72.38,639
72.39,673
72.4,682
72.41,656
72.42,670
72.43,637
72.44,644
72.45,642
72.46,671
72.47,665
72.48,686
72.49,667
72.5,707
72.51,677
72.52,637
72.53,688
72.54,679
72.55,680
72.56,690
72.57,685
72.58,690
72.59,673
72.6,713
72.61,657
72.62,647
72.63,740
72.64,662
72.65,717
72.66,682
72.67,655
72.68,657
72.69,690
72.7,708
72.71,685
72.72,715
72.73,732
72.74,687
72.75,689
72.76,725
72.77,664
72.78,716
72.79,785
72.8,701
72.81,693
72.82,708
72.83,740
72.84,687
72.85,766
72.86,721
72.87,753
72.88,714
72.89,740
72.9,737
72.91,740
72.92,707
72.93,727
72.94,749
72.95,733
72.96,735
72.97,691
72.98,727
72.99,740
73,769
73.01,741
73.02,725
73.03,686
73.04,744
73.05,704
73.06,717
73.07,764
73.08,724
73.09,740
73.1,753
73.11,724
73.12,740
73.13,725
73.14,746
73.15,768
73.16,737
73.17,748
73.18,761
73.19,782
73.2,752
73.21,768
73.22,791
73.23,812
73.24,788
73.25,793
73.26,791
73.27,817
73.28,776
73.29,850
73.3,803
73.31,847
73.32,825
73.33,885
73.34,900
73.35,980
73.36,946
73.37,932
73.38,972
73.39,977
73.4,1060
73.41,1011
73.42,1133
73.43,1200
73.44,1314
73.45,1348
73.46,1481
73.47,1530
73.48,1602
73.49,1696
73.5,1830
73.51,1847
73.52,1804
73.53,1783
73.54,1660
73.55,1582
73.56,1430
73.57,1388
73.58,1234
73.59,1205
73.6,1155
73.61,1074
73.62,1088
73.63,1073
73.64,1125
73.65,1033
73.66,1059
73.67,1179
73.68,1136
73.69,1247
73.7,1264
73.71,1296
73.72,1288
73.73,1256
73.74,1350
73.75,1224
73.76,1110
73.77,1089
73.78,1015
73.79,963
73.8,935
73.81,886
73.82,875
73.83,852
73.84,815
73.85,818
73.86,796
73.87,780
73.88,781
73.89,777
73.9,772
73.91,791
73.92,741
73.93,800
73.94,756
73.95,736
73.96,714
73.97,730
73.98,727
73.99,706
74,717
74.01,726
74.02,706
74.03,688
74.04,777
74.05,693
74.06,724
74.07,703
74.08,686
74.09,696
74.1,739
74.11,704
74.12,678
74.13,724
74.14,680
74.15,700
74.16,750
74.17,711
74.18,693
74.19,671
74.2,745
74.21,687
74.22,696
74.23,704
74.24,731
74.25,690
74.26,696
74.27,692
74.28,689
74.29,716
74.3,736
74.31,733
74.32,712
74.33,707
74.34,710
74.35,701
74.36,714
74.37,742
74.38,681
74.39,678
74.4,679
74.41,736
74.42,739
74.43,694
74.44,687
74.45,690
74.46,706
74.47,663
74.48,716
74.49,675
74.5,685
74.51,721
74.52,732
74.53,689
74.54,686
74.55,691
74.56,650
74.57,688
74.58,681
74.59,660
74.6,677
74.61,693
74.62,669
74.63,692
74.64,666
74.65,698
74.66,697
74.67,686
74.68,704
74.69,642
74.7,646
74.71,674
74.72,700
74.73,674
74.74,643
74.75,640
74.76,686
74.77,648
74.78,655
74.79,664
74.8,636
74.81,678
74.82,683
74.83,656
74.84,674
74.85,679
74.86,718
74.87,713
74.88,729
74.89,714
74.9,742
74.91,692
74.92,641
74.93,688
74.94,717
74.95,706
74.96,688
74.97,724
74.98,635
74.99,722
75,743
75.01,670
75.02,666
75.03,664
75.04,694
75.05,697
75.06,681
75.07,689
75.08,682
75.09,696
75.1,693
75.11,706
75.12,690
75.13,697
75.14,680
75.15,693
75.16,703
75.17,743
75.18,680
75.19,693
75.2,705
75.21,706
75.22,664
75.23,665
75.24,724
75.25,694
75.26,670
75.27,642
75.28,717
75.29,666
75.3,666
75.31,689
75.32,679
75.33,712
75.34,711
75.35,666
75.36,720
75.37,733
75.38,751
75.39,734
75.4,734
75.41,716
75.42,691
75.43,728
75.44,775
75.45,747
75.46,772
75.47,827
75.48,788
75.49,833
75.5,820
75.51,852
75.52,889
75.53,921
75.54,919
75.55,901
75.56,942
75.57,966
75.58,1048
75.59,1070
75.6,1125
75.61,1211
75.62,1291
75.63,1402
75.64,1497
75.65,1675
75.66,1885
75.67,1865
75.68,2045
75.69,2136
75.7,2142
75.71,2190
75.72,2098
75.73,1967
75.74,1837
75.75,1690
75.76,1545
75.77,1404
75.78,1346
75.79,1248
75.8,1194
75.81,1238
75.82,1239
75.83,1223
75.84,1170
75.85,1195
75.86,1208
75.87,1290
75.88,1293
75.89,1353
75.9,1442
75.91,1426
75.92,1440
75.93,1460
75.94,1466
75.95,1328
75.96,1280
75.97,1147
75.98,1114
75.99,1076
76,1056
76.01,974
76.02,857
76.03,876
76.04,827
76.05,828
76.06,757
76.07,765
76.08,784
76.09,780
76.1,750
76.11,765
76.12,751
76.13,709
76.14,709
76.15,686
76.16,715
76.17,727
76.18,728
76.19,714
76.2,692
76.21,672
76.22,661
76.23,707
76.24,703
76.25,704
76.26,726
76.27,677
76.28,703
76.29,708
76.3,666
76.31,690
76.32,701
76.33,670
76.34,706
76.35,688
76.36,679
76.37,749
76.38,687
76.39,659
76.4,670
76.41,658
76.42,641
76.43,708
76.44,671
76.45,671
76.46,717
76.47,701
76.48,695
76.49,690
76.5,692
76.51,681
76.52,726
76.53,674
76.54,729
76.55,732
76.56,667
76.57,708
76.58,705
76.59,727
76.6,680
76.61,673
76.62,639
76.63,726
76.64,685
76.65,708
76.66,661
76.67,678
76.68,642
76.69,708
76.7,668
76.71,690
76.72,698
76.73,709
76.74,648
76.75,673
76.76,682
76.77,694
76.78,666
76.79,658
76.8,703
76.81,673
76.82,678
76.83,646
76.84,636
76.85,645
76.86,673
76.87,654
76.88,689
76.89,696
76.9,628
76.91,669
76.92,667
76.93,632
76.94,641
76.95,674
76.96,646
76.97,676
76.98,658
76.99,680
77,633
77.01,684
77.02,665
77.03,707
77.04,681
77.05,625
77.06,633
77.07,694
77.08,709
77.09,685
77.1,720
77.11,634
77.12,666
77.13,654
77.14,648
77.15,639
77.16,670
77.17,628
77.18,686
77.19,634
77.2,675
77.21,687
77.22,659
77.23,645
77.24,691
77.25,684
77.26,671
77.27,664
77.28,653
77.29,648
77.3,654
77.31,694
77.32,684
77.33,652
77.34,693
77.35,664
77.36,693
77.37,693
77.38,720
77.39,708
77.4,707
77.41,700
77.42,690
77.43,673
77.44,709
77.45,685
77.46,716
77.47,692
77.48,690
77.49,743
77.5,796
77.51,787
77.52,722
77.53,787
77.54,801
77.55,818
77.56,833
77.57,825
77.58,821
77.59,848
77.6,878
77.61,937
77.62,933
77.63,990
77.64,1063
77.65,1156
77.66,1222
77.67,1298
77.68,1361
77.69,1403
77.7,1389
77.71,1491
77.72,1547
77.73,1556
77.74,1500
77.75,1350
77.76,1362
77.77,1264
77.78,1155
77.79,1103
77.8,1027
77.81,986
77.82,1014
77.83,949
77.84,935
77.85,958
77.86,974
77.87,960
77.88,995
77.89,991
77.9,1032
77.91,1028
77.92,1057
77.93,1087
77.94,1069
77.95,1101
77.96,1118
77.97,1071
77.98,1033
77.99,990
78,928
78.01,920
78.02,888
78.03,905
78.04,816
78.05,754
78.06,789
78.07,792
78.08,742
78.09,720
78.1,720
78.11,729
78.12,698
78.13,720
78.14,699
78.15,677
78.16,699
78.17,742
78.18,726
78.19,718
78.2,691
78.21,662
78.22,677
78.23,646
78.24,676
78.25,635
78.26,697
78.27,669
78.28,705
78.29,731
78.3,645
78.31,653
78.32,658
78.33,631
78.34,681
78.35,667
78.36,645
78.37,685
78.38,678
78.39,655
78.4,627
78.41,676
78.42,662
78.43,677
78.44,657
78.45,628
78.46,663
78.47,678
78.48,611
78.49,638
78.5,673
78.51,660
78.52,657
78.53,624
78.54,673
78.55,679
78.56,603
78.57,623
78.58,638
78.59,626
78.6,691
78.61,659
78.62,619
78.63,637
78.64,663
78.65,666
78.66,625
78.67,640
78.68,624
78.69,635
78.7,630
78.71,640
78.72,669
78.73,638
78.74,649
78.75,636
78.76,634
78.77,630
78.78,641
78.79,660
78.8,637
78.81,617
78.82,628
78.83,629
78.84,670
78.85,656
78.86,661
78.87,685
78.88,651
78.89,655
78.9,646
78.91,639
78.92,671
78.93,687
78.94,651
78.95,640
78.96,650
78.97,658
78.98,650
78.99,635
79,645
79.01,627
79.02,619
79.03,604
79.04,645
79.05,630
79.06,610
79.07,601
79.08,660
79.09,611
79.1,601
79.11,628
79.12,598
79.13,645
79.14,615
79.15,644
79.16,654
79.17,632
79.18,624
79.19,600
79.2,647
79.21,668
79.22,683
79.23,606
79.24,674
79.25,621
79.26,642
79.27,651
79.28,638
79.29,652
79.3,650
79.31,670
79.32,678
79.33,692
79.34,657
79.35,630
79.36,634
79.37,702
79.38,618
79.39,660
79.4,647
79.41,651
79.42,687
79.43,677
79.44,656
79.45,674
79.46,673
79.47,644
79.48,708
79.49,629
79.5,666
79.51,686
79.52,699
79.53,698
79.54,696
79.55,691
79.56,637
79.57,663
79.58,738
79.59,662
79.6,695
79.61,667
79.62,737
79.63,683
79.64,692
79.65,733
79.66,772
79.67,762
79.68,742
79.69,728
79.7,789
79.71,743
79.72,803
79.73,814
79.74,849
79.75,843
79.76,877
79.77,955
79.78,932
79.79,954
79.8,968
79.81,1122
79.82,1131
79.83,1232
79.84,1309
79.85,1445
79.86,1515
79.87,1669
79.88,1735
79.89,1891
79.9,2058
79.91,2266
79.92,2348
79.93,2282
79.94,2431
79.95,2316
79.96,2215
79.97,2165
79.98,1956
79.99,1787
80,1677
80.01,1545
80.02,1488
80.03,1431
80.04,1457
80.05,1510
80.06,1484
80.07,1491
80.08,1556
80.09,1590
80.1,1612
80.11,1655
80.12,1694
80.13,1682
80.14,1675
80.15,1760
80.16,1702
80.17,1727
80.18,1684
80.19,1642
80.2,1462
80.21,1449
80.22,1313
80.23,1305
80.24,1163
80.25,1136
80.26,1098
80.27,1066
80.28,1011
80.29,1032
80.3,1011
80.31,956
80.32,958
80.33,929
80.34,960
80.35,961
80.36,905
80.37,880
80.38,860
80.39,820
80.4,863
80.41,813
80.42,821
80.43,771
80.44,734
80.45,734
80.46,750
80.47,692
80.48,699
80.49,720
80.5,702
80.51,710
80.52,692
80.53,745
80.54,744
80.55,696
80.56,678
80.57,688
80.58,671
80.59,667
80.6,661
80.61,657
80.62,645
80.63,730
80.64,714
80.65,668
80.66,652
80.67,647
80.68,712
80.69,661
80.7,654
80.71,664
80.72,673
80.73,679
80.74,644
80.75,682
80.76,686
80.77,690
80.78,676
80.79,683
80.8,681
80.81,696
80.82,651
80.83,693
80.84,691
80.85,624
80.86,700
80.87,721
80.88,677
80.89,679
80.9,684
80.91,740
80.92,715
80.93,676
80.94,746
80.95,710
80.96,697
80.97,722
80.98,784
80.99,726
81,742
81.01,800
81.02,787
81.03,820
81.04,885
81.05,844
81.06,865
81.07,905
81.08,969
81.09,934
81.1,1040
81.11,1051
81.12,1139
81.13,1159
81.14,1244
81.15,1334
81.16,1430
81.17,1541
81.18,1680
81.19,1747
81.2,1934
81.21,1978
81.22,2082
81.23,2005
81.24,1992
81.25,1897
81.26,1798
81.27,1668
81.28,1599
81.29,1427
81.3,1379
81.31,1358
81.32,1321
81.33,1261
81.34,1224
81.35,1273
81.36,1237
81.37,1331
81.38,1327
81.39,1349
81.4,1482
81.41,1515
81.42,1651
81.43,1687
81.44,1844
81.45,1955
81.46,2070
81.47,2171
81.48,2308
81.49,2320
81.5,2418
81.51,2319
81.52,2371
81.53,2475
81.54,2434
81.55,2489
81.56,2371
81.57,2202
81.58,2066
81.59,1863
81.6,1808
81.61,1610
81.62,1521
81.63,1420
81.64,1366
81.65,1245
81.66,1247
81.67,1170
81.68,1250
81.69,1182
81.7,1241
81.71,1237
81.72,1207
81.73,1228
81.74,1331
81.75,1385
81.76,1347
81.77,1430
81.78,1482
81.79,1434
81.8,1410
81.81,1390
81.82,1297
81.83,1279
81.84,1191
81.85,1107
81.86,996
81.87,971
81.88,913
81.89,883
81.9,869
81.91,834
81.92,794
81.93,803
81.94,769
81.95,763
81.96,748
81.97,724
81.98,732
81.99,743
82,712
82.01,700
82.02,670
82.03,694
82.04,695
82.05,701
82.06,684
82.07,668
82.08,651
82.09,697
82.1,670
82.11,672
82.12,667
82.13,682
82.14,628
82.15,660
82.16,650
82.17,624
82.18,666
82.19,593
82.2,634
82.21,628
82.22,658
82.23,624
82.24,634
82.25,659
82.26,656
82.27,637
82.28,616
82.29,614
82.3,661
82.31,654
82.32,619
82.33,617
82.34,651
82.35,619
82.36,604
82.37,616
82.38,667
82.39,640
82.4,632
82.41,595
82.42,581
82.43,554
82.44,576
82.45,629
82.46,636
82.47,635
82.48,585
82.49,594
82.5,569
82.51,613
82.52,614
82.53,654
82.54,604
82.55,620
82.56,638
82.57,580
82.58,605
82.59,664
82.6,586
82.61,561
82.62,610
82.63,619
82.64,602
82.65,614
82.66,631
82.67,606
82.68,607
82.69,610
82.7,590
82.71,627
82.72,614
82.73,646
82.74,611
82.75,584
82.76,607
82.77,579
82.78,590
82.79,635
82.8,623
82.81,611
82.82,603
82.83,622
82.84,587
82.85,644
82.86,612
82.87,641
82.88,602
82.89,589
82.9,644
82.91,590
82.92,598
82.93,544
82.94,557
82.95,591
82.96,594
82.97,619
82.98,565
82.99,626
83,616
83.01,626
83.02,629
83.03,598
83.04,611
83.05,652
83.06,624
83.07,582
83.08,608
83.09,625
83.1,606
83.11,618
83.12,608
83.13,619
83.14,603
83.15,622
83.16,592
83.17,601
83.18,602
83.19,585
83.2,624
83.21,618
83.22,640
83.23,645
83.24,626
83.25,604
83.26,612
83.27,567
83.28,604
83.29,595
83.3,602
83.31,588
83.32,608
83.33,644
83.34,611
83.35,590
83.36,610
83.37,622
83.38,621
83.39,636
83.4,612
83.41,655
83.42,586
83.43,610
83.44,642
83.45,645
83.46,625
83.47,612
83.48,630
83.49,668
83.5,661
83.51,633
83.52,658
83.53,709
83.54,625
83.55,626
83.56,664
83.57,665
83.58,642
83.59,601
83.6,645
83.61,646
83.62,681
83.63,677
83.64,687
83.65,707
83.66,754
83.67,709
83.68,747
83.69,739
83.7,778
83.71,761
83.72,772
83.73,755
83.74,799
83.75,858
83.76,919
83.77,890
83.78,905
83.79,998
83.8,1020
83.81,1072
83.82,1142
83.83,1176
83.84,1214
83.85,1274
83.86,1425
83.87,1378
83.88,1518
83.89,1450
83.9,1466
83.91,1444
83.92,1418
83.93,1325
83.94,1305
83.95,1169
83.96,1123
83.97,1085
83.98,974
83.99,948
84,987
84.01,912
84.02,913
84.03,912
84.04,928
84.05,911
84.06,951
84.07,933
84.08,946
84.09,964
84.1,992
84.11,982
84.12,1021
84.13,1032
84.14,1087
84.15,1071
84.16,1095
84.17,1019
84.18,1005
84.19,964
84.2,886
84.21,820
84.22,857
84.23,813
84.24,798
84.25,755
84.26,737
84.27,722
84.28,746
84.29,694
84.3,652
84.31,653
84.32,656
84.33,650
84.34,656
84.35,623
84.36,670
84.37,602
84.38,622
84.39,681
84.4,623
84.41,589
84.42,599
84.43,624
84.44,647
84.45,631
84.46,636
84.47,557
84.48,589
84.49,613
84.5,594
84.51,627
84.52,657
84.53,631
84.54,610
84.55,597
84.56,601
84.57,616
84.58,549
84.59,590
84.6,590
84.61,574
84.62,587
84.63,637
84.64,614
84.65,612
84.66,608
84.67,595
84.68,601
84.69,603
84.7,599
84.71,593
84.72,588
84.73,580
84.74,580
84.75,562
84.76,602
84.77,630
84.78,610
84.79,576
84.8,637
84.81,609
84.82,598
84.83,619
84.84,662
84.85,639
84.86,612
84.87,596
84.88,589
84.89,617
84.9,639
84.91,661
84.92,666
84.93,650
84.94,651
84.95,683
84.96,661
84.97,617
84.98,664
84.99,744
85,672
85.01,708
85.02,748
85.03,715
85.04,720
85.05,731
85.06,700
85.07,677
85.08,642
85.09,641
85.1,639
85.11,627
85.12,635
85.13,643
85.14,650
85.15,620
85.16,577
85.17,626
85.18,642
85.19,612
85.2,597
85.21,634
85.22,639
85.23,661
85.24,637
85.25,630
85.26,677
85.27,656
85.28,681
85.29,648
85.3,661
85.31,636
85.32,614
85.33,646
85.34,606
85.35,639
85.36,615
85.37,559
85.38,593
85.39,601
85.4,592
85.41,593
85.42,612
85.43,570
85.44,601
85.45,595
85.46,597
85.47,615
85.48,546
85.49,636
85.5,630
85.51,624
85.52,548
85.53,607
85.54,595
85.55,598
85.56,563
85.57,596
85.58,599
85.59,532
85.6,579
85.61,583
85.62,586
85.63,602
85.64,583
85.65,565
85.66,600
85.67,586
85.68,599
85.69,584
85.7,580
85.71,593
85.72,567
85.73,621
85.74,596
85.75,553
85.76,564
85.77,580
85.78,567
85.79,596
85.8,595
85.81,596
85.82,607
85.83,596
85.84,577
85.85,572
85.86,626
85.87,563
85.88,566
85.89,529
85.9,549
85.91,568
85.92,600
85.93,591
85.94,521
85.95,572
85.96,624
85.97,572
85.98,559
85.99,583
86,564
86.01,574
86.02,579
86.03,564
86.04,577
86.05,592
86.06,605
86.07,576
86.08,577
86.09,609
86.1,580
86.11,593
86.12,581
86.13,569
86.14,564
86.15,608
86.16,557
86.17,582
86.18,605
86.19,566
86.2,557
86.21,623
86.22,619
86.23,563
86.24,612
86.25,609
86.26,578
86.27,582
86.28,581
86.29,549
86.3,582
86.31,604
86.32,584
86.33,622
86.34,573
86.35,601
86.36,583
86.37,607
86.38,569
86.39,574
86.4,607
86.41,569
86.42,559
86.43,593
86.44,561
86.45,562
86.46,604
86.47,577
86.48,571
86.49,581
86.5,612
86.51,590
86.52,588
86.53,568
86.54,568
86.55,569
86.56,630
86.57,555
86.58,553
86.59,563
86.6,573
86.61,594
86.62,600
86.63,586
86.64,561
86.65,562
86.66,578
86.67,548
86.68,567
86.69,554
86.7,526
86.71,562
86.72,560
86.73,600
86.74,586
86.75,587
86.76,619
86.77,526
86.78,560
86.79,576
86.8,588
86.81,604
86.82,630
86.83,613
86.84,598
86.85,611
86.86,555
86.87,587
86.88,585
86.89,566
86.9,579
86.91,562
86.92,550
86.93,586
86.94,554
86.95,535
86.96,537
86.97,589
86.98,584
86.99,602
87,592
87.01,624
87.02,570
87.03,594
87.04,570
87.05,571
87.06,547
87.07,573
87.08,590
87.09,628
87.1,598
87.11,561
87.12,602
87.13,601
87.14,652
87.15,603
87.16,601
87.17,610
87.18,584
87.19,609
87.2,571
87.21,588
87.22,602
87.23,604
87.24,600
87.25,580
87.26,565
87.27,579
87.28,572
87.29,608
87.3,603
87.31,650
87.32,551
87.33,616
87.34,582
87.35,614
87.36,600
87.37,637
87.38,624
87.39,626
87.4,630
87.41,639
87.42,666
87.43,700
87.44,634
87.45,692
87.46,688
87.47,743
87.48,718
87.49,724
87.5,751
87.51,730
87.52,718
87.53,724
87.54,679
87.55,683
87.56,673
87.57,648
87.58,644
87.59,665
87.6,622
87.61,650
87.62,667
87.63,640
87.64,577
87.65,612
87.66,632
87.67,664
87.68,593
87.69,607
87.7,628
87.71,617
87.72,623
87.73,614
87.74,695
87.75,626
87.76,646
87.77,650
87.78,667
87.79,665
87.8,630
87.81,622
87.82,609
87.83,615
87.84,618
87.85,646
87.86,568
87.87,640
87.88,630
87.89,602
87.9,554
87.91,562
87.92,577
87.93,552
87.94,570
87.95,571
87.96,634
87.97,589
87.98,568
87.99,599
88,599
88.01,576
88.02,561
88.03,567
88.04,574
88.05,603
88.06,605
88.07,585
88.08,559
88.09,594
88.1,590
88.11,604
88.12,604
88.13,572
88.14,550
88.15,565
88.16,592
88.17,592
88.18,530
88.19,582
88.2,593
88.21,558
88.22,560
88.23,593
88.24,591
88.25,557
88.26,565
88.27,571
88.28,574
88.29,582
88.3,573
88.31,566
88.32,580
88.33,578
88.34,571
88.35,579
88.36,520
88.37,586
88.38,601
88.39,550
88.4,535
88.41,565
88.42,604
88.43,568
88.44,587
88.45,561
88.46,611
88.47,604
88.48,558
88.49,570
88.5,579
88.51,587
88.52,576
88.53,569
88.54,582
88.55,602
88.56,580
88.57,586
88.58,606
88.59,578
88.6,573
88.61,587
88.62,611
88.63,598
88.64,606
88.65,573
88.66,578
88.67,568
88.68,594
88.69,577
88.7,614
88.71,599
88.72,597
88.73,597
88.74,625
88.75,572
88.76,570
88.77,581
88.78,543
88.79,549
88.8,548
88.81,576
88.82,586
88.83,593
88.84,558
88.85,585
88.86,551
88.87,555
88.88,589
88.89,566
88.9,591
88.91,571
88.92,566
88.93,592
88.94,565
88.95,597
88.96,602
88.97,555
88.98,585
88.99,560
89,561
89.01,589
89.02,561
89.03,559
89.04,574
89.05,543
89.06,563
89.07,555
89.08,548
89.09,545
89.1,608
89.11,531
89.12,554
89.13,570
89.14,580
89.15,597
89.16,579
89.17,587
89.18,587
89.19,563
89.2,578
89.21,571
89.22,572
89.23,614
89.24,574
89.25,582
89.26,569
89.27,592
89.28,599
89.29,599
89.3,600
89.31,539
89.32,559
89.33,571
89.34,557
89.35,548
89.36,543
89.37,543
89.38,578
89.39,599
89.4,562
89.41,564
89.42,555
89.43,554
89.44,555
89.45,571
89.46,568
89.47,541
89.48,536
89.49,561
89.5,597
89.51,597
89.52,634
89.53,564
89.54,619
89.55,547
89.56,592
89.57,568
89.58,559
89.59,603
89.6,581
89.61,580
89.62,555
89.63,562
89.64,569
89.65,568
89.66,592
89.67,615
89.68,618
89.69,565
89.7,573
89.71,564
89.72,588
89.73,564
89.74,552
89.75,576
89.76,570
89.77,566
89.78,582
89.79,566
89.8,586
89.81,562
89.82,552
89.83,576
89.84,585
89.85,559
89.86,553
89.87,556
89.88,545
89.89,543
89.9,564
89.91,572
89.92,584
89.93,558
89.94,553
89.95,586
89.96,545
89.97,530
89.98,543
89.99,547
90,593
90.01,627
90.02,586
90.03,597
90.04,562
90.05,530
90.06,556
90.07,525
90.08,545
90.09,540
90.1,579
90.11,596
90.12,555
90.13,576
90.14,562
90.15,573
90.16,589
90.17,581
90.18,562
90.19,594
90.2,571
90.21,590
90.22,565
90.23,542
90.24,562
90.25,561
90.26,603
90.27,560
90.28,583
90.29,541
90.3,543
90.31,573
90.32,613
90.33,564
90.34,592
90.35,573
90.36,567
90.37,585
90.38,586
90.39,564
90.4,576
90.41,605
90.42,609
90.43,586
90.44,627
90.45,647
90.46,597
90.47,599
90.48,592
90.49,590
90.5,627
90.51,636
90.52,640
90.53,596
90.54,643
90.55,643
90.56,629
90.57,628
90.58,683
90.59,666
90.6,689
90.61,715
90.62,663
90.63,697
90.64,703
90.65,748
90.66,679
90.67,729
90.68,806
90.69,781
90.7,814
90.71,888
90.72,826
90.73,829
90.74,966
90.75,1003
90.76,959
90.77,1095
90.78,1105
90.79,1139
90.8,1190
90.81,1291
90.82,1318
90.83,1544
90.84,1563
90.85,1691
90.86,1711
90.87,1809
90.88,1876
90.89,1857
90.9,1849
90.91,1872
90.92,1828
90.93,1679
90.94,1528
90.95,1494
90.96,1400
90.97,1327
90.98,1237
90.99,1207
91,1093
91.01,1145
91.02,1080
91.03,1059
91.04,1010
91.05,988
91.06,1009
91.07,977
91.08,1002
91.09,1009
91.1,1024
91.11,1038
91.12,1115
91.13,1098
91.14,1174
91.15,1257
91.16,1187
91.17,1277
91.18,1336
91.19,1285
91.2,1180
91.21,1178
91.22,1153
91.23,1111
91.24,1095
91.25,1016
91.26,912
91.27,904
91.28,906
91.29,854
91.3,809
91.31,766
91.32,727
91.33,698
91.34,736
91.35,779
91.36,718
91.37,644
91.38,671
91.39,688
91.4,661
91.41,607
91.42,632
91.43,623
91.44,669
91.45,633
91.46,601
91.47,605
91.48,629
91.49,628
91.5,642
91.51,601
91.52,598
91.53,588
91.54,619
91.55,635
91.56,617
91.57,615
91.58,643
91.59,599
91.6,580
91.61,604
91.62,606
91.63,580
91.64,601
91.65,631
91.66,610
91.67,647
91.68,627
91.69,595
91.7,622
91.71,609
91.72,543
91.73,558
91.74,582
91.75,581
91.76,574
91.77,581
91.78,581
91.79,597
91.8,592
91.81,567
91.82,594
91.83,590
91.84,585
91.85,595
91.86,597
91.87,543
91.88,577
91.89,586
91.9,581
91.91,604
91.92,540
91.93,596
91.94,579
91.95,590
91.96,569
91.97,566
91.98,606
91.99,602
92,571
92.01,602
92.02,525
92.03,547
92.04,601
92.05,541
92.06,587
92.07,570
92.08,577
92.09,579
92.1,581
92.11,596
92.12,578
92.13,535
92.14,571
92.15,622
92.16,559
92.17,597
92.18,586
92.19,579
92.2,585
92.21,584
92.22,622
92.23,538
92.24,547
92.25,555
92.26,595
92.27,552
92.28,551
92.29,539
92.3,559
92.31,590
92.32,564
92.33,568
92.34,560
92.35,566
92.36,578
92.37,563
92.38,579
92.39,615
92.4,584
92.41,585
92.42,589
92.43,581
92.44,563
92.45,550
92.46,551
92.47,592
92.48,615
92.49,569
92.5,580
92.51,557
92.52,578
92.53,631
92.54,624
92.55,594
92.56,541
92.57,576
92.58,610
92.59,576
92.6,601
92.61,611
92.62,600
92.63,646
92.64,653
92.65,662
92.66,630
92.67,652
92.68,623
92.69,658
92.7,676
92.71,648
92.72,593
92.73,675
92.74,695
92.75,652
92.76,663
92.77,734
92.78,762
92.79,763
92.8,750
92.81,798
92.82,798
92.83,835
92.84,843
92.85,832
92.86,907
92.87,834
92.88,861
92.89,824
92.9,808
92.91,739
92.92,761
92.93,747
92.94,686
92.95,689
92.96,688
92.97,680
92.98,653
92.99,654
93,682
93.01,617
93.02,665
93.03,641
93.04,651
93.05,629
93.06,634
93.07,696
93.08,665
93.09,659
93.1,680
93.11,673
93.12,676
93.13,690
93.14,698
93.15,735
93.16,683
93.17,697
93.18,674
93.19,697
93.2,671
93.21,668
93.22,655
93.23,691
93.24,648
93.25,668
93.26,619
93.27,622
93.28,622
93.29,608
93.3,632
93.31,549
93.32,566
93.33,582
93.34,610
93.35,622
93.36,599
93.37,578
93.38,602
93.39,581
93.4,606
93.41,566
93.42,585
93.43,561
93.44,621
93.45,582
93.46,616
93.47,606
93.48,592
93.49,568
93.5,620
93.51,571
93.52,568
93.53,586
93.54,562
93.55,570
93.56,604
93.57,563
93.58,557
93.59,574
93.6,568
93.61,544
93.62,598
93.63,574
93.64,570
93.65,600
93.66,573
93.67,607
93.68,614
93.69,574
93.7,613
93.71,583
93.72,588
93.73,551
93.74,562
93.75,593
93.76,566
93.77,592
93.78,592
93.79,595
93.8,559
93.81,612
93.82,590
93.83,581
93.84,579
93.85,574
93.86,584
93.87,571
93.88,599
93.89,588
93.9,541
93.91,580
93.92,563
93.93,570
93.94,566
93.95,589
93.96,601
93.97,566
93.98,598
93.99,596
94,585
94.01,601
94.02,572
94.03,545
94.04,554
94.05,606
94.06,568
94.07,579
94.08,571
94.09,589
94.1,607
94.11,618
94.12,600
94.13,573
94.14,583
94.15,570
94.16,586
94.17,556
94.18,590
94.19,590
94.2,591
94.21,623
94.22,585
94.23,572
94.24,558
94.25,588
94.26,609
94.27,654
94.28,639
94.29,583
94.3,629
94.31,586
94.32,604
94.33,612
94.34,612
94.35,608
94.36,580
94.37,604
94.38,569
94.39,625
94.4,611
94.41,610
94.42,629
94.43,642
94.44,641
94.45,633
94.46,645
94.47,650
94.48,672
94.49,673
94.5,687
94.51,679
94.52,688
94.53,675
94.54,680
94.55,750
94.56,763
94.57,751
94.58,782
94.59,792
94.6,825
94.61,866
94.62,852
94.63,919
94.64,884
94.65,964
94.66,979
94.67,1088
94.68,1100
94.69,1099
94.7,1177
94.71,1232
94.72,1272
94.73,1240
94.74,1214
94.75,1198
94.76,1081
94.77,1032
94.78,1018
94.79,959
94.8,953
94.81,866
94.82,879
94.83,789
94.84,840
94.85,826
94.86,851
94.87,812
94.88,809
94.89,845
94.9,783
94.91,804
94.92,815
94.93,859
94.94,816
94.95,868
94.96,854
94.97,884
94.98,923
94.99,941
95,974
95.01,1002
95.02,1056
95.03,977
95.04,979
95.05,951
95.06,1007
95.07,1036
95.08,1026
95.09,1025
95.1,1002
95.11,1014
95.12,1005
95.13,1000
95.14,1000
95.15,1004
95.16,1107
95.17,1052
95.18,1054
95.19,1013
95.2,997
95.21,949
95.22,1052
95.23,1023
95.24,962
95.25,923
95.26,877
95.27,833
95.28,830
95.29,794
95.3,779
95.31,766
95.32,773
95.33,733
95.34,750
95.35,796
95.36,727
95.37,730
95.38,715
95.39,686
95.4,705
95.41,735
95.42,768
95.43,812
95.44,829
95.45,795
95.46,781
95.47,810
95.48,832
95.49,761
95.5,835
95.51,797
95.52,790
95.53,800
95.54,771
95.55,751
95.56,772
95.57,738
95.58,676
95.59,698
95.6,706
95.61,676
95.62,645
95.63,660
95.64,665
95.65,634
95.66,625
95.67,646
95.68,646
95.69,612
95.7,636
95.71,633
95.72,655
95.73,603
95.74,602
95.75,617
95.76,612
95.77,627
95.78,603
95.79,591
95.8,649
95.81,623
95.82,611
95.83,585
95.84,570
95.85,591
95.86,597
95.87,565
95.88,593
95.89,623
95.9,605
95.91,620
95.92,649
95.93,603
95.94,646
95.95,630
95.96,609
95.97,598
95.98,621
95.99,626
96,639
96.01,615
96.02,664
96.03,642
96.04,612
96.05,652
96.06,659
96.07,650
96.08,707
96.09,680
96.1,700
96.11,704
96.12,690
96.13,718
96.14,756
96.15,728
96.16,757
96.17,809
96.18,810
96.19,858
96.2,872
96.21,881
96.22,958
96.23,913
96.24,929
96.25,1100
96.26,1087
96.27,1163
96.28,1158
96.29,1197
96.3,1238
96.31,1245
96.32,1313
96.33,1260
96.34,1202
96.35,1224
96.36,1100
96.37,998
96.38,958
96.39,942
96.4,902
96.41,831
96.42,845
96.43,810
96.44,800
96.45,845
96.46,772
96.47,785
96.48,778
96.49,749
96.5,730
96.51,701
96.52,753
96.53,807
96.54,750
96.55,810
96.56,849
96.57,846
96.58,865
96.59,850
96.6,838
96.61,895
96.62,950
96.63,952
96.64,930
96.65,906
96.66,823
96.67,855
96.68,822
96.69,788
96.7,761
96.71,742
96.72,701
96.73,701
96.74,683
96.75,685
96.76,670
96.77,648
96.78,637
96.79,619
96.8,640
96.81,631
96.82,612
96.83,671
96.84,625
96.85,687
96.86,595
96.87,562
96.88,604
96.89,645
96.9,602
96.91,617
96.92,601
96.93,561
96.94,618
96.95,604
96.96,565
96.97,596
96.98,590
96.99,619
97,593
97.01,591
97.02,557
97.03,534
97.04,600
97.05,545
97.06,579
97.07,564
97.08,570
97.09,562
97.1,525
97.11,612
97.12,572
97.13,571
97.14,568
97.15,590
97.16,566
97.17,565
97.18,579
97.19,605
97.2,596
97.21,583
97.22,615
97.23,610
97.24,537
97.25,591
97.26,582
97.27,577
97.28,653
97.29,543
97.3,566
97.31,550
97.32,569
97.33,595
97.34,561
97.35,593
97.36,543
97.37,582
97.38,569
97.39,564
97.4,566
97.41,553
97.42,582
97.43,568
97.44,548
97.45,611
97.46,582
97.47,582
97.48,551
97.49,566
97.5,561
97.51,571
97.52,543
97.53,565
97.54,537
97.55,600
97.56,609
97.57,559
97.58,593
97.59,580
97.6,583
97.61,607
97.62,553
97.63,583
97.64,554
97.65,591
97.66,586
97.67,578
97.68,563
97.69,585
97.7,563
97.71,564
97.72,542
97.73,570
97.74,592
97.75,612
97.76,566
97.77,609
97.78,591
97.79,585
97.8,553
97.81,593
97.82,561
97.83,570
97.84,586
97.85,602
97.86,585
97.87,545
97.88,570
97.89,584
97.9,566
97.91,571
97.92,618
97.93,573
97.94,522
97.95,554
97.96,615
97.97,577
97.98,589
97.99,584
98,525
98.01,616
98.02,566
98.03,615
98.04,576
98.05,590
98.06,554
98.07,579
98.08,605
98.09,551
98.1,556
98.11,595
98.12,600
98.13,563
98.14,590
98.15,611
98.16,565
98.17,612
98.18,592
98.19,555
98.2,558
98.21,583
98.22,560
98.23,573
98.24,583
98.25,609
98.26,583
98.27,623
98.28,614
98.29,563
98.3,561
98.31,569
98.32,561
98.33,586
98.34,571
98.35,555
98.36,580
98.37,582
98.38,587
98.39,649
98.4,629
98.41,591
98.42,629
98.43,626
98.44,637
98.45,593
98.46,601
98.47,598
98.48,646
98.49,624
98.5,599
98.51,628
98.52,630
98.53,602
98.54,624
98.55,665
98.56,586
98.57,636
98.58,678
98.59,717
98.6,728
98.61,686
98.62,703
98.63,704
98.64,756
98.65,754
98.66,705
98.67,725
98.68,762
98.69,757
98.7,832
98.71,838
98.72,907
98.73,903
98.74,924
98.75,965
98.76,961
98.77,1036
98.78,1091
98.79,1066
98.8,1145
98.81,1155
98.82,1127
98.83,1111
98.84,1137
98.85,1097
98.86,1012
98.87,1016
98.88,946
98.89,928
98.9,904
98.91,832
98.92,807
98.93,803
98.94,800
98.95,787
98.96,809
98.97,775
98.98,737
98.99,754
99,757
99.01,732
99.02,714
99.03,697
99.04,731
99.05,749
99.06,770
99.07,777
99.08,789
99.09,795
99.1,781
99.11,827
99.12,917
99.13,879
99.14,879
99.15,908
99.16,852
99.17,893
99.18,831
99.19,828
99.2,766
99.21,771
99.22,748
99.23,748
99.24,744
99.25,714
99.26,697
99.27,687
99.28,684
99.29,661
99.3,670
99.31,676
99.32,638
99.33,638
99.34,609
99.35,610
99.36,626
99.37,631
99.38,601
99.39,622
99.4,608
99.41,624
99.42,644
99.43,617
99.44,636
99.45,638
99.46,610
99.47,596
99.48,639
99.49,607
99.5,597
99.51,613
99.52,605
99.53,642
99.54,614
99.55,625
99.56,626
99.57,591
99.58,605
99.59,528
99.6,629
99.61,599
99.62,613
99.63,615
99.64,615
99.65,611
99.66,606
99.67,568
99.68,596
99.69,602
99.7,584
99.71,600
99.72,583
99.73,617
99.74,608
99.75,631
99.76,596
99.77,587
99.78,572
99.79,576
99.8,627
99.81,582
99.82,643
99.83,606
99.84,581
99.85,596
99.86,607
99.87,607
99.88,626
99.89,564
99.9,623
99.91,606
99.92,630
99.93,608
99.94,587
99.95,550
99.96,625
99.97,616
99.98,571
99.99,550
100,578
