"","site","NEON_site","site_name_full","biome_Whittaker","management","fire_management","latitude.dec_deg","longitude.dec_deg","elevation.m","probable_soil_order_via_NRCS","soil_series_parent_material","Incubation Ambient MAT class","NPP_05_14.kgCm2yr","Tmax01","Tmax02","Tmax03","Tmax04","Tmax05","Tmax06","Tmax07","Tmax08","Tmax09","Tmax10","Tmax11","Tmax12","Tmin01","Tmin02","Tmin03","Tmin04","Tmin05","Tmin06","Tmin07","Tmin08","Tmin09","Tmin10","Tmin11","Tmin12","Tave01","Tave02","Tave03","Tave04","Tave05","Tave06","Tave07","Tave08","Tave09","Tave10","Tave11","Tave12","PPT01","PPT02","PPT03","PPT04","PPT05","PPT06","PPT07","PPT08","PPT09","PPT10","PPT11","PPT12","Rad01","Rad02","Rad03","Rad04","Rad05","Rad06","Rad07","Rad08","Rad09","Rad10","Rad11","Rad12","DD_0_01","DD_0_02","DD_0_03","DD_0_04","DD_0_05","DD_0_06","DD_0_07","DD_0_08","DD_0_09","DD_0_10","DD_0_11","DD_0_12","DD5_01","DD5_02","DD5_03","DD5_04","DD5_05","DD5_06","DD5_07","DD5_08","DD5_09","DD5_10","DD5_11","DD5_12","DD_18_01","DD_18_02","DD_18_03","DD_18_04","DD_18_05","DD_18_06","DD_18_07","DD_18_08","DD_18_09","DD_18_10","DD_18_11","DD_18_12","DD18_01","DD18_02","DD18_03","DD18_04","DD18_05","DD18_06","DD18_07","DD18_08","DD18_09","DD18_10","DD18_11","DD18_12","NFFD01","NFFD02","NFFD03","NFFD04","NFFD05","NFFD06","NFFD07","NFFD08","NFFD09","NFFD10","NFFD11","NFFD12","PAS01","PAS02","PAS03","PAS04","PAS05","PAS06","PAS07","PAS08","PAS09","PAS10","PAS11","PAS12","Eref01","Eref02","Eref03","Eref04","Eref05","Eref06","Eref07","Eref08","Eref09","Eref10","Eref11","Eref12","CMD01","CMD02","CMD03","CMD04","CMD05","CMD06","CMD07","CMD08","CMD09","CMD10","CMD11","CMD12","RH01","RH02","RH03","RH04","RH05","RH06","RH07","RH08","RH09","RH10","RH11","RH12","Tmax_wt","Tmax_sp","Tmax_sm","Tmax_at","Tmin_wt","Tmin_sp","Tmin_sm","Tmin_at","Tave_wt","Tave_sp","Tave_sm","Tave_at","PPT_wt","PPT_sp","PPT_sm","PPT_at","Rad_wt","Rad_sp","Rad_sm","Rad_at","DD_0_wt","DD_0_sp","DD_0_sm","DD_0_at","DD5_wt","DD5_sp","DD5_sm","DD5_at","DD_18_wt","DD_18_sp","DD_18_sm","DD_18_at","DD18_wt","DD18_sp","DD18_sm","DD18_at","NFFD_wt","NFFD_sp","NFFD_sm","NFFD_at","PAS_wt","PAS_sp","PAS_sm","PAS_at","Eref_wt","Eref_sp","Eref_sm","Eref_at","CMD_wt","CMD_sp","CMD_sm","CMD_at","RH_wt","RH_sp","RH_sm","RH_at","MAT","MWMT","MCMT","TD","MAP","MSP","AHM","SHM","DD_0","DD5","DD_18","DD18","NFFD","bFFP","eFFP","FFP","PAS","EMT","EXT","MAR","Eref","CMD","RH","MAP_Eref"
"1","ABBY","ABBY","Abby Road","Temperate rain forest","forest harvesting","Fire History",45.76243,-122.33033,364.5,"Inceptisol","volcanic ash",17.5,0.74279,4.5,7.5,10.2,13.5,17.5,21.1,24.5,24.5,21.3,15.8,8.9,5.1,-1.4,0.1,1,2.5,5.1,8.1,9.8,9.9,8.2,5.3,2.1,-0.4,1.6,3.8,5.6,8,11.3,14.6,17.1,17.2,14.7,10.5,5.5,2.3,388,306,276,202,134,105,46,62,136,204,379,418,3.5,6.9,10.4,15,18.8,21.4,23.5,20.3,14.9,8.2,3.9,2.8,47,24,14,4,0,0,0,0,0,1,11,37,12,26,52,100,199,288,377,378,293,180,54,18,512,394,386,302,212,113,51,55,114,232,376,483,0,0,0,0,0,11,25,28,17,0,0,0,11,14,18,22,28,30,31,31,29,28,20,14,54,21,11,6,2,0,0,0,1,1,21,41,14,23,45,71,104,122,140,122,80,45,19,12,0,0,0,0,0,17,94,60,0,0,0,0,78,75,69,64,61,60,57,57,60,66,77,80,5.7,13.7,23.4,15.3,-0.6,2.9,9.3,5.2,2.6,8.3,16.3,10.3,1113,613,213,718,4.4,14.7,21.7,9,108,18,0,12,57,351,1043,527,1388,900,219,722,0,0,64,17,39,67,91,77,116,18,1,23,50,220,384,145,0,0,171,0,78,65,58,68,9.4,17.2,1.6,15.6,2657,483,7.3,35.6,138,1978,3230,81,274,120,301,181,158,-20.2,36.5,12.5,798,171,67,1859
"2","BARR","BARR","Barrow","Tundra","wildland","No Fire",71.28257842,-156.6187438,6.71,"Gelisol",NA,NA,NA,-21.9,-24.3,-22.8,-15.1,-4,3.8,7.5,5.9,1.2,-7.6,-15.7,-20.7,-28.6,-31,-29.5,-22.7,-9.8,-1.4,1,0.7,-2.8,-13,-21.7,-27.3,-25.2,-27.6,-26.1,-18.9,-6.9,1.2,4.2,3.3,-0.8,-10.3,-18.7,-24,10,10,10,8,8,15,25,28,23,20,13,13,-9999,1.7,6.8,12.9,19.1,22.8,20.8,13.9,6.1,1.3,-9999,-9999,780,772,810,568,220,26,5,6,55,317,557,742,14,5,0,0,1,15,35,27,7,1,0,9,1335,1273,1369,1104,771,504,429,458,564,880,1100,1297,0,1,4,7,3,0,0,0,0,7,3,1,0,0,0,0,0,8,17,16,7,0,0,0,10,10,10,8,6,10,8,10,16,20,13,13,0,0,0,0,0,38,46,27,0,0,0,0,0,0,0,0,0,23,21,0,0,0,0,0,66,66,66,64,75,81,78,82,84,76,71,67,-22.3,-13.9,5.7,-7.4,-28.9,-20.6,0.1,-12.5,-25.6,-17.3,2.9,-9.9,33,26,68,56,-9999,12.9,19.2,-9999,2294,1597,37,928,28,1,76,8,3905,3244,1391,2544,2,13,0,10,0,0,42,7,33,24,28,49,0,0,111,0,0,0,44,0,66,68,80,77,-12.5,4.2,-25.2,29.4,183,99,-13.6,42.4,4856,113,11084,25,49,180,233,53,134,-56.4,20.3,-9999,111,44,73,72
"3","BART","BART","Bartlett Experimental forest","Temperate seasonal forest","wildland","No Fire",44.06388,-71.28731,273.6,"Spodosol","isotic glacial till",NA,0.75306,-3.2,-1.7,3.3,10.4,17.9,22.8,25.4,24.1,19.7,13.5,6,-1,-15.2,-14.7,-8.4,-2,3.8,9.3,11.9,10.8,6.6,1,-3.8,-11.6,-9.2,-8.2,-2.5,4.2,10.8,16.1,18.7,17.4,13.1,7.2,1.1,-6.3,92,85,96,102,107,114,108,118,93,109,126,111,-9999,8.9,12.7,16.3,18.4,20.5,20.1,17.8,13.7,8.9,5.4,4.5,288,238,115,14,0,0,0,0,0,4,45,211,1,2,10,43,187,332,424,386,245,96,20,3,843,729,638,415,223,80,27,50,155,335,507,750,0,0,0,1,6,22,48,32,9,0,0,0,0,0,0,0,25,30,31,31,30,2,0,0,82,81,61,16,2,0,0,0,1,4,16,99,0,0,0,66,111,132,142,120,80,46,21,0,0,0,0,0,3,18,33,2,0,0,0,0,50,48,55,58,56,59,60,60,60,60,64,57,-1.9,10.5,24.1,13.1,-13.8,-2.2,10.7,1.3,-7.9,4.2,17.4,7.2,288,306,341,327,-9999,15.8,19.5,9.4,738,130,0,50,7,240,1141,361,2322,1276,158,997,0,7,101,9,0,25,92,32,262,79,0,20,0,176,394,146,0,3,53,0,52,57,60,61,5.2,18.7,-9.2,27.9,1262,542,12,34.4,917,1749,4752,118,149,144,265,120,362,-37,35.6,-9999,717,56,57,545
"4","BLAN","BLAN","Blandy Experimental Farm","Woodland/shrubland","regenerating ag","No Fire",39.06026,-78.07164,182.88,"Alfisol","residuum derived from limestone, calcareous shale, siltstone, and/or sandstone",22.5,0.66948,5.1,6.4,12.3,18.5,24.3,28.9,30.7,30,26.5,20.4,13.6,6.7,-5.9,-5.1,-0.3,4.8,10.1,14.8,17.2,16.5,12.6,6.1,1.4,-3.7,-0.4,0.6,6,11.7,17.2,21.9,24,23.3,19.6,13.3,7.5,1.5,60,61,78,78,96,91,91,89,79,84,78,69,6.7,9.8,13.5,17.2,19.4,21,20.3,18.6,15.3,11.5,7.5,6,75,53,13,1,0,0,0,0,0,0,6,45,18,20,80,203,379,505,587,565,437,258,105,27,572,483,375,199,63,10,2,4,31,159,315,508,0,0,1,8,40,122,186,164,78,11,1,0,5,0,0,27,31,30,31,31,30,31,2,0,11,8,0,0,0,0,0,0,0,0,0,3,0,32,64,100,143,163,170,150,110,72,39,24,0,0,0,22,47,72,78,60,32,0,0,0,59,58,59,58,58,60,62,62,59,57,60,63,6,18.4,29.9,20.2,-4.9,4.9,16.2,6.7,0.6,11.6,23,13.4,190,252,271,241,7.5,16.7,19.9,11.4,173,14,0,6,66,662,1657,800,1563,636,16,505,0,49,472,89,5,58,92,62,22,0,0,0,56,307,482,221,0,69,210,32,60,58,61,59,12.2,24,-0.4,24.4,954,446,23.2,53.8,192,3185,2720,611,217,118,288,171,23,-26.9,39.8,13.9,1066,311,59,-112
"5","BONA","BONA","Caribou Poker","Boreal forest","wildland","Fire History",65.15505361,-147.4909984,225.08,"Inceptisol","micaceous loess over weathered schist bedrock",15,NA,-14.8,-10.4,-3.3,7.2,15,20.3,21.7,17.8,11.2,-0.4,-9.3,-12.9,-23.8,-21.2,-15.9,-4.6,2.4,7.8,9.9,6.7,0.8,-8.2,-17.5,-22.1,-19.3,-15.8,-9.6,1.3,8.7,14.1,15.8,12.2,6,-4.3,-13.4,-17.5,13,8,10,14,27,56,80,77,41,31,29,30,0.5,2.5,7.8,14.2,17.2,20.2,17.2,11.9,7.8,3.4,0.9,0.2,598,443,300,38,1,0,0,0,4,158,399,543,4,1,0,11,124,272,336,225,62,4,0,2,1153,942,857,501,289,126,80,180,360,694,940,1097,0,0,0,0,0,9,13,3,0,0,0,0,0,0,0,3,22,29,31,30,16,1,0,0,13,8,10,9,1,0,0,2,7,29,28,30,0,0,0,36,74,99,98,64,29,0,0,0,0,0,0,22,48,43,18,0,0,0,0,0,58,53,49,58,60,62,64,65,65,67,63,58,-12.7,6.3,19.9,0.5,-22.4,-6,8.1,-8.3,-17.5,0.1,14,-3.9,51,50,213,100,1.1,13,16.4,4,1585,339,0,561,8,135,833,65,3191,1647,387,1994,0,0,24,0,0,25,90,18,51,20,2,65,0,110,262,29,0,70,61,0,56,55,64,65,-1.8,15.8,-19.3,35.1,415,280,19.8,56.4,2485,1042,7219,24,133,149,241,92,138,-49.9,29.8,8.6,400,131,60,15
"6","CLBJ","CLBJ","LBJ/Caddo","Woodland/shrubland","wildland","Prescribed Fire",33.40123,-97.57,272.45,"Alfisol","moderately acid to moderately calcareous sediments and residuum from Cretaceous sedimentary deposits",27.5,0.31468,12.3,14.5,19.4,24.6,28.3,32.6,35.6,35.8,31.3,25.8,19.5,13.9,-1.2,0.8,5.5,11.4,15.5,19.9,22.1,21.7,17.9,11.7,5.7,0.6,5.6,7.7,12.4,18,21.9,26.2,28.9,28.7,24.6,18.8,12.6,7.3,40,55,71,87,125,93,55,52,105,85,59,44,8.7,11.6,15.4,19.4,21.1,23.4,24.3,21.5,18,13.6,9.3,8.2,17,9,2,0,0,0,0,0,0,0,1,10,75,105,239,392,520,636,738,734,586,426,234,105,389,285,181,49,14,2,0,0,6,41,171,331,0,1,9,52,130,248,337,333,200,67,9,1,12,4,29,30,31,30,31,31,30,31,29,5,1,0,0,0,0,0,0,0,0,0,0,0,46,58,96,129,161,178,197,185,136,100,62,45,6,3,25,42,35,85,142,133,31,15,3,2,56,56,57,61,63,64,63,61,62,59,58,57,13.6,24.1,34.7,25.5,0.1,10.8,21.2,11.8,6.8,17.4,28,18.7,138,284,200,249,9.5,18.6,23.1,13.7,36,2,0,1,285,1152,2108,1246,1005,245,2,217,3,191,918,276,21,90,92,90,1,0,0,0,150,386,560,298,11,102,360,49,57,60,63,59,17.7,28.9,5.6,23.3,870,430,31.9,67.1,38,4790,1469,1387,293,85,315,230,1,-20.3,44.8,16.2,1394,522,60,-524
"7","CPER","CPER","CPER","Temperate grassland/desert","grazing","No Fire",40.815534,-104.745602,1653.13,"Mollisol","alkaline to neutral alluvium, colluvium, residuum, and loess",20,0.21792,4.2,6,8.6,15.2,20.3,26,30.5,29.3,24.2,17.7,10.2,5.2,-11.3,-9.2,-6.5,-1,4.2,8.9,12.4,11.2,6,0.4,-5.7,-9.9,-3.5,-1.6,1.1,7.1,12.2,17.5,21.5,20.2,15.1,9,2.2,-2.4,10,8,24,39,59,52,51,34,30,21,13,9,7.8,10.8,15,18.4,21.9,24.3,24.4,20.7,17.3,12.3,8.1,6.8,140,87,50,5,0,0,0,0,0,2,32,109,5,7,21,91,229,374,511,472,303,140,27,7,668,546,527,328,188,53,7,16,107,279,473,628,0,0,0,0,7,38,114,86,19,1,0,0,1,1,2,11,26,30,31,31,27,15,3,1,5,4,10,2,0,0,0,0,0,0,2,4,0,0,53,90,129,158,182,158,107,65,32,0,0,0,29,51,70,106,131,124,77,45,19,0,43,46,48,49,51,51,50,49,47,47,47,45,5.1,14.7,28.6,17.3,-10.1,-1.1,10.9,0.2,-2.5,6.8,19.7,8.8,27,121,137,64,8.5,18.4,23.1,12.5,336,55,0,34,18,341,1356,469,1842,1043,76,858,0,7,238,20,2,39,92,46,14,12,0,3,0,271,498,205,0,150,361,141,45,49,50,47,8.2,21.5,-3.5,25,348,225,52.3,95.5,425,2184,3818,265,179,140,267,128,28,-36.2,39.4,15.6,974,652,48,-626
"8","DCFS","DCFS","Dakota-Coteau","Woodland/shrubland","grazing","No Fire",47.161647,-99.106556,574.34,"Mollisol","alkaline glacial till and alluvium",20,0.46252,-8.7,-5.9,1.4,11.5,19.2,24.3,28.7,27.7,21,14.5,3.6,-5.4,-20.1,-17.9,-10.4,-1.5,4.5,10.3,13.5,11.8,6,0.2,-8.1,-16.5,-14.4,-11.9,-4.5,5,11.9,17.3,21.1,19.8,13.5,7.4,-2.3,-10.9,10,8,17,38,51,81,73,53,49,25,9,11,4.2,7.4,12.8,16.8,19.6,21.3,22.3,19.4,13.9,8.9,4.7,3.5,448,336,167,11,0,0,0,0,0,4,108,341,0,1,11,65,215,370,498,458,257,99,12,0,1002,833,700,390,198,55,9,19,145,331,607,893,0,0,0,2,11,36,105,75,11,2,0,0,0,0,0,4,28,30,31,31,29,7,1,0,10,8,16,4,0,0,0,0,0,1,5,11,0,0,0,67,114,136,156,134,80,45,0,0,0,0,0,28,63,55,83,80,31,20,0,0,51,50,54,57,55,58,56,54,55,54,56,53,-6.6,10.7,26.9,13,-18.2,-2.5,11.9,-0.6,-12.4,4.1,19.4,6.2,30,107,207,83,5,16.4,21,9.1,1124,178,0,112,1,290,1326,368,2729,1288,83,1084,0,13,216,13,0,32,92,36,30,21,0,6,0,180,426,125,0,91,218,51,51,55,56,55,4.3,21.1,-14.4,35.5,427,307,33.6,68.7,1415,1985,5183,242,160,139,263,124,57,-41.8,40.6,12.9,730,360,54,-303
"9","DEJU","DEJU","Delta Junction","Boreal forest","wildland","No Fire",63.88112,-145.75136,506.64,"Inceptisol","micaceous loess over acid glacio-fluvial materials or till",NA,NA,-16.3,-11.1,-4.1,4.9,13.8,19.6,21.3,18.6,11.9,-0.3,-10.2,-14.7,-26.5,-23.5,-18.1,-7.7,0.7,6.7,8.5,6,0.3,-9.1,-20.5,-24.7,-21.4,-17.3,-11.1,-1.4,7.2,13.2,14.9,12.3,6.1,-4.7,-15.3,-19.7,13,11,9,11,36,90,96,72,43,28,20,15,0.7,2.7,7.9,14.1,16.9,20.1,17,12.2,8.1,3.8,1.2,0.2,663,487,347,85,2,0,0,0,4,167,458,611,3,1,0,2,88,245,304,228,63,3,0,1,1218,986,904,582,334,146,103,178,357,707,999,1165,0,0,0,0,0,6,8,3,0,0,0,0,0,0,0,1,16,29,31,30,15,1,0,0,13,11,9,10,4,0,1,2,7,27,20,15,0,0,0,0,73,99,101,70,32,0,0,0,0,0,0,0,37,9,4,0,0,0,0,0,53,46,44,54,58,60,61,61,62,64,55,54,-14,4.8,19.8,0.5,-24.9,-8.4,7.1,-9.8,-19.5,-1.8,13.5,-4.6,38,55,259,91,1.2,13,16.4,4.3,1760,433,0,628,4,90,776,67,3368,1820,427,2063,0,0,17,0,0,17,90,16,38,22,3,54,0,73,270,32,0,37,13,0,51,52,61,60,-3.1,14.9,-21.4,36.3,443,337,15.6,44.2,2822,937,7678,17,123,157,242,85,117,-52.1,31.6,8.7,374,50,56,69
"10","DELA","DELA","Dead Lake","Temperate seasonal forest","wildland","No Fire",32.54172,-87.80389,23.83,"Ultisol","acidic, iron-containing alluvial and fluvial deposits",NA,0.49641,12.5,14.9,19.5,24.9,28.5,32,33,32.7,30.3,25.1,19.5,14.6,0.1,1.7,6,10.9,15,18.9,20.7,20.3,17.5,10.1,5.2,1.5,6.3,8.3,12.8,17.9,21.8,25.5,26.9,26.5,23.9,17.6,12.4,8.1,139,133,161,128,112,92,132,99,87,82,104,133,8.9,11.4,15.4,18.9,21.7,21.4,21.8,20,17.2,13.9,10.4,8.5,14,7,2,0,0,0,0,0,0,0,1,8,91,120,249,388,516,614,676,665,564,391,227,125,367,266,172,51,14,2,1,1,8,57,177,306,1,2,11,50,125,226,275,264,175,48,9,2,14,1,31,30,31,30,31,31,30,31,28,2,2,0,0,0,0,0,0,0,0,0,0,0,47,60,97,134,166,178,181,166,133,102,65,48,0,0,0,6,54,87,49,67,46,19,0,0,59,58,59,59,61,63,65,65,63,56,56,58,14,24.3,32.6,25,1.1,10.6,20,10.9,7.6,17.5,26.3,17.9,405,401,323,274,9.6,18.7,21.1,13.8,29,2,0,1,336,1154,1954,1182,939,237,4,241,6,186,765,232,17,92,92,89,2,0,0,0,156,397,525,299,0,60,203,65,58,59,64,58,17.3,26.9,6.3,20.6,1403,522,19.5,51.5,32,4625,1421,1189,290,88,309,221,2,-19.6,41,15.8,1378,328,60,25
"11","DSNY","DSNY","Disney","Tropical seasonal forest/savanna","wildland","Prescribed Fire",28.12504,-81.4362,20.52,"Spodosol","acid to slightly alkaline marine sediments",27.5,0.60206,21.9,22.9,25.6,28.8,31.2,32.5,33.1,33.1,32,29.3,25.7,22.9,9.1,9.9,12.8,15.2,18.2,21.2,22.3,22.6,21.9,18.4,13.4,9.9,15.5,16.4,19.2,22,24.7,26.9,27.7,27.8,26.9,23.9,19.6,16.4,61,76,86,36,109,192,186,193,158,68,60,58,11.8,13.9,17.6,21.6,22.9,20.5,20.9,19.6,16.9,14.9,12.8,10.7,1,1,0,0,0,0,0,0,0,0,0,1,334,326,440,507,605,655,701,705,655,580,436,360,102,72,38,14,5,1,0,0,3,8,34,84,26,31,74,124,204,267,300,305,268,183,81,38,29,28,31,30,31,30,31,31,30,31,30,31,0,0,0,0,0,0,0,0,0,0,0,0,78,88,125,155,179,174,177,165,136,114,86,75,17,12,39,119,70,0,0,0,0,46,26,17,61,61,62,61,63,68,69,70,71,68,63,61,22.6,28.6,32.9,29,9.7,15.4,22,17.9,16.1,22,27.5,23.4,195,231,570,286,12.2,20.7,20.3,14.9,3,0,0,0,1021,1552,2062,1671,258,57,2,44,95,402,871,533,88,92,92,91,0,0,0,0,241,460,515,336,46,228,0,72,61,62,69,68,22.2,27.8,15.5,12.3,1282,837,25.2,33.2,3,6306,361,1902,362,32,357,325,0,-6.9,38.7,17,1551,346,65,-269
"12","GRSM","GRSM","Great Smokey Mtn Nationa Park","Temperate seasonal forest","wildland","Fire History",35.68896,-83.50195,576.21,"Inceptisol","colluvium and residuum from metasedimentary rocks e.g., phyllite, metasandstone, slate",22.5,0.57614,7.8,9.5,14.7,20,23.9,27.3,28.2,27.9,25.3,20.2,14.6,9.5,-5.1,-3.9,-0.1,4.5,8.7,13,15,14.7,11.5,5,0.3,-3.4,1.4,2.8,7.3,12.3,16.3,20.1,21.6,21.3,18.4,12.6,7.4,3.1,117,112,141,115,146,138,159,121,120,85,104,113,7.2,9.5,14,17.4,20.8,21.8,21.8,20,16.3,12.1,7.8,6.5,50,31,9,1,0,0,0,0,0,0,6,31,28,34,105,220,352,453,514,506,403,239,102,40,518,422,333,182,80,20,7,9,44,176,318,460,0,0,2,8,28,85,117,112,56,8,0,0,5,0,0,25,31,30,31,31,30,28,0,0,12,4,0,0,0,0,0,0,0,0,0,2,34,43,79,114,148,160,162,147,113,81,48,34,0,0,0,0,2,22,3,26,0,0,0,0,54,54,53,53,55,59,62,62,59,54,55,56,8.9,19.6,27.8,20,-4.1,4.4,14.2,5.6,2.4,12,21,12.8,342,402,418,310,7.7,17.4,21.2,12.1,111,9,0,6,102,678,1473,744,1401,595,37,538,0,38,314,64,5,57,92,59,18,0,0,0,111,341,469,242,0,2,51,0,55,54,61,56,12.1,21.6,1.4,20.2,1471,684,15,31.6,127,2996,2571,416,213,120,284,164,19,-26.7,36.7,14.6,1164,53,56,307
"13","HARV","HARV","Harvard Forest","Temperate seasonal forest","wildland","No Fire",42.5369,-72.17266,348.21,"Inceptisol","isotic glacial till",20,0.73066,-0.9,0.1,5.1,12.6,19.1,23.9,26.4,25.4,21.3,15.3,8.3,0.9,-11.9,-11.2,-5.5,0.1,5.2,10.6,13.6,12.6,8.4,2.7,-1.5,-8.7,-6.4,-5.5,-0.2,6.3,12.2,17.2,20,19,14.9,9,3.4,-3.9,78,78,87,95,99,102,96,111,83,86,103,97,7.2,9.9,13.3,16.7,19.1,20.6,20.8,18.2,14.6,10.5,7,6,216,175,69,7,0,0,0,0,0,2,22,146,3,4,17,75,227,366,465,433,296,139,38,7,757,655,567,351,190,57,15,27,111,280,438,676,0,0,0,2,8,35,78,57,18,2,0,0,1,0,0,1,30,30,31,31,30,11,0,0,55,65,19,4,1,0,0,0,0,1,3,62,0,0,0,74,117,137,146,125,86,53,25,0,0,0,0,0,18,35,50,14,3,0,0,0,55,55,61,59,57,60,62,62,61,60,66,61,0,12.3,25.2,14.9,-10.6,-0.1,12.2,3.2,-5.3,6.1,18.7,9.1,253,281,308,272,7.7,16.4,19.9,10.7,537,76,0,24,15,319,1264,473,2088,1108,99,830,0,10,170,19,1,31,92,41,183,24,0,4,0,191,408,163,0,18,99,3,57,59,61,62,7.2,20,-6.4,26.4,1113,490,15.4,40.8,637,2071,4125,199,165,138,272,134,211,-33.6,36.3,13.7,763,120,60,350
"14","HEAL","HEAL","Healy","Boreal forest","wildland","No Fire",63.87569,-149.21334,677.72,"Gelisol",NA,15,NA,-11,-9.6,-3.2,3.3,12.6,17.9,19.7,17.1,10.6,-0.2,-8.5,-10.2,-20.8,-20.6,-16.3,-8.6,0.3,4.8,7.4,5.3,-0.1,-9.2,-18,-19.8,-15.9,-15.1,-9.7,-2.6,6.4,11.4,13.5,11.2,5.3,-4.7,-13.2,-15,20,17,13,13,23,73,84,72,48,39,26,31,0.8,2.9,8.2,14.4,18,21,18,13.1,8.7,4.2,1.2,0.2,494,426,305,113,3,0,0,0,5,167,395,466,2,0,0,0,70,192,266,190,50,3,0,0,1049,924,861,619,359,199,138,213,383,707,936,1019,0,0,0,0,0,2,4,2,0,2,0,0,0,0,0,1,15,27,31,29,14,1,0,0,20,17,13,12,4,1,1,2,10,38,26,31,0,0,0,0,68,94,95,66,29,0,0,0,0,0,0,0,45,21,11,0,0,0,0,0,56,52,47,55,60,59,62,63,64,63,59,58,-10.3,4.2,18.2,0.6,-20.4,-8.2,5.8,-9.1,-15.4,-2,12,-4.2,69,49,229,114,1.3,13.5,17.4,4.7,1386,421,0,567,2,70,648,53,2992,1839,551,2025,0,0,8,2,0,16,87,15,68,29,4,74,0,68,254,29,0,45,32,0,55,54,61,62,-2.4,13.5,-15.9,29.4,460,300,16.5,45.1,2374,774,7407,9,117,153,241,88,176,-49.1,29,9.2,352,77,58,108
"15","JORN","JORN","Jornada","Temperate grassland/desert","wildland","No Fire",32.59068,-106.84254,1321.06,"Aridisol","acid to calcareous alluvium or aeolian deposits",25,0.1166,13.2,16.1,19.9,24.9,29.5,34.4,34.8,33.2,30.1,25.4,18.7,13.5,-4.4,-2.5,0.8,5.2,9.4,14.8,18.1,16.9,13.2,6.6,0.1,-3.7,4.4,6.8,10.3,15,19.4,24.6,26.4,25.1,21.7,16,9.4,4.9,13,10,7,5,11,18,49,59,37,23,15,20,12.2,15,20,24.8,27.3,28.2,25.6,23.5,20.7,16.8,13.1,11.3,23,11,3,0,0,0,0,0,0,0,3,19,54,86,180,302,446,586,663,621,499,341,148,58,425,309,239,109,32,3,1,2,16,89,260,404,0,0,4,20,75,200,262,220,125,28,2,0,5,7,17,27,31,30,31,31,30,29,15,6,1,0,0,0,0,0,0,0,0,0,0,1,52,67,107,146,190,213,208,185,145,109,66,48,39,57,100,141,179,196,159,126,108,86,51,29,43,42,44,44,45,47,54,55,52,46,44,45,14.3,24.7,34.1,24.7,-3.5,5.1,16.6,6.6,5.4,14.9,25.4,15.7,43,23,126,75,12.8,24,25.8,16.8,53,4,0,3,198,928,1870,987,1138,380,5,365,0,99,682,155,19,75,92,74,1,0,0,0,167,442,607,319,125,420,481,245,44,44,52,48,15.3,26.4,4.4,22.1,266,174,95.1,152.4,60,3983,1888,936,260,105,300,195,2,-25.4,41.9,19.9,1536,1271,47,-1270
"16","KONA","KONA","Konza Agriculture","Woodland/shrubland","agriculture","Fire History",39.11044,-96.61295,323.5,"Mollisol","residuum derived from limestone or alkaline shale",25,0.36308,3.5,6.3,12.5,20,24.8,29.6,33.3,32.1,27.1,21.4,12.9,5.5,-8.7,-6.5,-0.9,6,11.7,17,19.7,18.5,13.6,6.9,0.2,-6.2,-2.6,-0.1,5.8,13,18.3,23.3,26.5,25.3,20.3,14.2,6.5,-0.3,20,22,59,75,118,129,96,93,100,72,43,28,7.2,10,14.1,17.5,20.8,22.5,23.8,21,16.8,12.1,7.9,6.2,119,63,13,1,0,0,0,0,0,0,8,70,10,17,80,248,410,548,664,629,459,286,88,16,641,504,380,161,46,6,1,1,24,135,344,565,0,0,1,13,57,163,263,228,94,17,0,0,2,0,2,29,31,30,31,31,30,31,3,0,7,5,0,0,0,0,0,0,0,0,0,5,0,0,65,106,141,160,180,158,111,75,38,0,0,0,6,32,23,31,84,65,11,3,0,0,54,54,56,57,61,63,62,62,60,56,59,57,5.1,19.1,31.7,20.5,-7.2,5.6,18.4,6.9,-1,12.4,25,13.7,70,251,318,215,7.8,17.5,22.4,12.2,252,14,0,8,43,739,1841,833,1710,588,8,503,0,72,654,110,3,62,92,64,17,1,0,0,0,312,499,224,0,61,180,14,55,58,62,58,12.5,26.5,-2.6,29.1,854,536,26.4,49.4,274,3456,2808,837,221,109,291,182,18,-30,43,15,1035,255,58,-181
"17","KONZ","KONZ","Konza Core","Woodland/shrubland","wildland","Prescribed Fire",39.10077,-96.56309,414.61,"Mollisol","moderately acid to slightly alkaline iron-containing alluvium",25,0.37216,3.2,5.9,12.2,19.7,24.4,29.2,32.9,31.8,26.8,21,12.6,5.2,-9,-6.7,-1.1,5.9,11.6,16.8,19.5,18.4,13.4,6.9,0.1,-6.3,-2.9,-0.4,5.5,12.8,18,23,26.2,25.1,20.1,13.9,6.4,-0.6,20,23,59,75,119,130,96,94,101,72,43,29,7.2,9.9,14.1,17.5,20.9,22.6,23.9,21,16.8,12.1,7.9,6.2,126,67,14,1,0,0,0,0,0,0,8,74,10,16,75,240,402,540,656,621,453,279,85,15,650,511,389,169,50,6,1,2,26,140,350,572,0,0,1,12,53,155,255,220,89,15,0,0,2,0,2,29,31,30,31,31,30,31,3,0,8,5,1,0,0,0,0,0,0,0,0,5,0,0,64,104,139,158,178,156,109,74,38,0,0,0,5,29,20,27,81,62,8,2,0,0,54,54,56,58,62,64,62,62,61,57,59,57,4.8,18.7,31.3,20.1,-7.3,5.4,18.2,6.8,-1.3,12.1,24.8,13.5,72,254,321,217,7.8,17.5,22.5,12.3,266,15,0,9,41,718,1816,817,1733,608,9,516,0,67,630,104,3,62,92,63,19,1,0,0,0,307,492,221,0,54,170,10,55,59,63,59,12.3,26.2,-2.9,29.1,863,541,25.8,48.4,290,3392,2864,801,220,109,291,182,20,-30.2,42.7,15,1020,234,59,-157
"18","LENO","LENO","Lenoir Landing","Temperate seasonal forest","wildland","No Fire",31.85388,-88.16122,12.72,"Inceptisol",NA,NA,0.37759,14.4,16.9,21.4,26.5,29.6,32.6,33.4,33,30.8,25.8,20.8,16.3,0.7,2.6,6.3,11,14.8,18.6,20.5,20.2,17.5,10.2,5.4,2.2,7.6,9.7,13.9,18.7,22.2,25.6,27,26.6,24.2,18,13.1,9.2,131,132,158,115,119,99,140,115,96,79,101,136,8.7,11.5,15.3,19,21.8,21.2,21.3,19.9,17.2,14.1,10.4,8.2,10,5,1,0,0,0,0,0,0,0,1,6,117,151,282,412,528,617,679,667,574,402,248,153,327,228,142,40,13,2,1,1,7,51,158,270,2,3,15,62,134,229,278,266,188,53,11,3,15,4,31,30,31,30,31,31,30,31,28,4,1,0,0,0,0,0,0,0,0,0,0,0,54,67,108,146,176,185,187,171,138,107,70,54,0,0,0,30,56,87,47,56,42,28,0,0,56,55,55,55,58,61,64,64,62,54,53,56,15.9,25.8,33,25.8,1.8,10.7,19.7,11,8.8,18.3,26.4,18.4,399,393,353,276,9.5,18.7,20.8,13.9,21,1,0,1,421,1222,1962,1224,825,195,3,216,8,211,773,252,23,92,92,89,1,0,0,0,175,430,543,315,0,86,190,70,56,56,63,57,18,27,7.6,19.4,1421,569,19.7,47.4,23,4829,1238,1245,297,86,310,224,1,-18.8,40.9,15.7,1462,346,58,-41
"19","MLBS","MLBS","Mountain Lake","Temperate seasonal forest","wildland","Fire History",37.37828,-80.52484,1169.87,"Entisol","residuum or alluvium derived from sandstone, siltstone, shale or limestone",17.5,0.83619,2.7,3.9,9.9,15.2,19.9,23.5,25.1,24.5,21.3,15.7,10.1,4.5,-7.9,-6.9,-2.3,2.6,7,11.3,13.6,13.3,9.7,3.6,-1,-5.8,-2.6,-1.5,3.8,8.9,13.5,17.4,19.4,18.9,15.5,9.6,4.6,-0.7,72,81,105,103,113,100,111,95,98,110,96,89,8.9,11.2,14.8,18.1,20.6,21.6,21.3,19.6,17.2,13.2,9.7,8.1,119,84,24,3,0,0,0,0,0,2,15,75,11,12,48,133,265,371,445,431,316,156,52,17,641,541,442,273,154,54,20,28,96,260,403,575,0,0,0,3,10,37,63,56,22,3,0,0,3,0,0,11,31,30,31,31,30,19,0,0,25,27,1,1,1,0,0,0,0,1,1,16,0,0,59,89,123,137,141,125,93,62,35,0,0,0,0,0,10,37,30,30,0,0,0,0,59,59,59,60,60,63,66,66,64,61,63,62,3.7,15,24.4,15.7,-6.9,2.4,12.7,4.1,-1.6,8.7,18.5,9.9,242,322,306,304,9.4,17.8,20.8,13.4,279,26,0,17,40,446,1247,524,1758,869,102,759,0,13,156,25,3,42,92,49,68,2,0,2,0,272,403,190,0,10,97,0,60,59,65,63,8.9,19.4,-2.6,22,1174,517,16.1,37.4,322,2257,3488,194,186,131,277,146,72,-29.8,34.3,15.4,865,107,62,309
"20","MOAB","MOAB","Moab","Temperate grassland/desert","wildland","No Fire",38.24833,-109.38827,1802.99,NA,"alkaline alluvium and aeolian deposits over sandstone",NA,0.14201,2.5,6.3,10.5,16.4,22.4,28,31.9,30.1,25.4,18.7,10.7,4.1,-10.9,-7.2,-3.6,0.6,5.3,9.8,13.9,12.7,7.8,1.9,-3.8,-8.6,-4.2,-0.4,3.4,8.5,13.9,18.9,22.9,21.4,16.6,10.3,3.5,-2.3,17,14,23,24,22,17,32,36,32,39,27,19,8.7,11.6,17.1,20.9,25.3,27.9,25.9,22.3,19,14.5,9.7,7.9,158,67,26,3,0,0,0,0,0,1,22,107,4,13,44,125,278,416,554,508,349,174,40,6,690,511,453,286,143,32,4,9,73,239,437,625,0,0,0,3,14,62,153,114,32,4,0,0,1,2,6,16,28,30,31,31,29,21,6,1,10,5,3,0,0,0,0,0,0,0,3,9,0,0,61,97,143,173,192,165,116,73,37,0,0,0,38,73,121,156,160,129,84,34,10,0,49,51,53,51,49,48,50,51,49,49,51,52,4.3,16.4,30,18.3,-8.9,0.8,12.1,2,-2.3,8.6,21.1,10.1,50,69,85,97,9.4,21.1,25.4,14.4,332,29,0,23,23,447,1478,563,1827,882,45,748,0,17,328,36,4,50,92,55,25,4,0,3,0,301,529,226,0,232,445,128,51,51,50,50,9.4,22.9,-4.2,27.1,301,138,64.3,165.6,385,2511,3502,381,201,130,278,148,32,-34.6,39.6,17.6,1056,805,50,-755
"21","NGPR","NOGP","Northern Great Plains Research Laboratory","Woodland/shrubland","wildland","No Fire",46.76972,-100.91535,588.46,"Mollisol","neutral to alkaline loess over glacial till",20,0.40695,-7,-4.4,2.3,12.3,19.4,24.6,29.1,28.4,21.7,15.1,4.6,-3.8,-19,-16.7,-9.5,-1,5,10.7,13.8,12,6.2,0.4,-7.6,-15.5,-13,-10.5,-3.6,5.6,12.2,17.7,21.4,20.2,14,7.8,-1.5,-9.7,11,8,15,44,59,79,63,47,37,22,10,11,4.7,7.9,13.1,17,20.3,22.2,23.1,20.1,14.7,9.6,5.1,3.9,405,297,143,8,0,0,0,0,0,3,92,297,0,1,11,73,229,379,509,471,270,108,13,1,960,795,671,371,188,50,8,16,134,319,586,854,0,0,0,2,11,41,113,85,13,2,0,0,0,0,0,7,28,30,31,31,29,10,1,0,11,8,14,4,0,0,0,0,0,0,5,11,0,0,0,70,114,137,159,138,83,46,0,0,0,0,0,25,55,58,96,91,46,25,0,0,49,49,54,56,56,59,56,53,54,54,55,51,-5,11.4,27.4,13.8,-17.1,-1.8,12.2,-0.3,-11.1,4.8,19.8,6.7,30,119,188,69,5.5,16.8,21.8,9.8,1000,151,0,96,1,313,1360,391,2608,1231,73,1039,0,13,239,15,0,35,92,40,30,18,0,6,0,184,434,130,0,80,245,71,50,55,56,54,5,21.4,-13,34.4,406,284,37.1,75.4,1247,2064,4951,267,167,136,265,129,53,-41.3,41,13.5,747,396,54,-341
"22","NIWO","NIWO","NIWOT","Boreal forest","wildland","No Fire",40.05425,-105.58237,3482.71,"Mollisol","alluvium, colluvium, and glacial till derived from acid igneous rocks",10,0.33262,-3.9,-2.5,-0.2,4.8,9.8,15,18.8,17.4,13.3,7.6,0.7,-3.1,-14.7,-13.9,-12.6,-8.4,-3.7,0.2,3.9,2.9,-0.6,-4.7,-10.5,-13.5,-9.3,-8.2,-6.4,-1.8,3,7.6,11.4,10.1,6.3,1.4,-4.9,-8.3,73,67,97,102,89,56,79,59,51,51,67,75,11.8,14.4,18.4,21.2,24.1,26.5,25.8,22.8,20.8,16.6,12.3,10.8,290,239,218,93,15,1,0,0,3,37,173,266,0,0,0,5,25,90,197,157,67,20,0,0,845,730,758,594,464,313,205,245,351,516,686,812,0,0,0,0,0,0,1,0,0,0,0,0,0,0,0,1,4,14,28,25,12,4,1,0,68,64,96,93,46,5,2,3,8,21,53,70,0,0,0,0,82,106,124,105,70,40,0,0,0,0,0,0,0,50,45,46,18,0,0,0,55,53,51,51,54,53,54,55,55,56,55,56,-3.2,4.8,17.1,7.2,-14.1,-8.2,2.3,-5.3,-8.6,-1.7,9.7,0.9,215,289,194,169,12.3,21.2,25,16.6,795,326,1,213,0,29,444,87,2388,1816,763,1554,0,0,1,0,1,5,67,17,202,236,10,82,0,82,335,110,0,0,141,18,55,52,54,56,0.1,11.4,-9.3,20.7,866,334,11.6,34.1,1335,561,6521,1,89,190,229,39,529,-42.3,29.3,18.8,527,159,54,339
"23","OAES","OAES","Klemme (OAES)","Woodland/shrubland","grazing","No Fire",35.41059,-99.05879,520.15,"Inceptisol",NA,NA,0.29563,9.4,12,17.4,23.5,27.6,32.5,35.7,34.9,30.2,24.3,16.8,10.8,-4.7,-2.3,1.9,8.6,13.3,18.5,20.9,20,15.8,9.2,2.4,-2.6,2.4,4.8,9.6,16.1,20.5,25.5,28.3,27.5,23,16.8,9.6,4.1,19,31,48,54,118,99,51,71,88,62,39,21,9.6,12.3,16.2,20.4,22.7,24.3,25.5,22.4,18.5,14.1,10.1,8.9,38,18,4,0,0,0,0,0,0,0,3,23,35,56,165,336,478,614,721,694,538,365,156,50,486,365,262,84,22,2,0,0,10,73,253,428,0,0,4,30,98,227,320,293,156,38,3,0,6,3,10,30,31,30,31,31,30,31,12,3,2,1,0,0,0,0,0,0,0,0,0,1,38,50,88,127,161,182,201,182,131,92,53,37,19,19,40,73,43,83,150,111,43,31,14,16,52,53,52,56,59,61,60,59,59,56,55,55,10.7,22.8,34.4,23.8,-3.2,7.9,19.8,9.1,3.8,15.4,27.1,16.4,71,220,220,188,10.2,19.8,24.1,14.2,80,4,0,3,142,978,2029,1059,1280,369,3,335,0,132,840,196,12,71,92,73,3,0,0,0,124,376,565,276,54,156,344,88,53,55,60,56,15.7,28.3,2.4,25.9,699,426,36.7,66.4,87,4208,1987,1169,248,99,300,201,3,-25,44.8,17.1,1341,642,56,-642
"24","ONAQ","ONAQ","Onaqui-Ault Steppe","Temperate grassland/desert","grazing","Fire History",40.17759,-112.45244,1654.61,"Aridisol","alluvium and colluvium derived from basic igneous and sedimentary rocks",NA,0.16974,3.4,6.2,9.4,14.8,20.6,26.9,32.1,30.6,24.9,17.9,9.9,4.2,-10.2,-7.3,-4.2,-0.4,4.1,8.6,13.6,12.5,7,1.2,-4.3,-9,-3.4,-0.6,2.6,7.2,12.3,17.7,22.9,21.5,16,9.5,2.8,-2.4,16,21,29,26,28,20,22,23,23,27,23,20,7.8,10.7,15.7,19.2,24,26.9,26.9,23.4,19.5,13.6,8.7,6.3,137,69,33,5,0,0,0,0,0,2,27,110,3,10,32,93,232,381,553,512,329,153,31,4,665,516,480,326,185,48,4,8,86,263,457,630,0,0,0,0,7,42,152,117,26,1,0,0,1,2,5,13,26,30,31,31,28,18,5,1,9,8,6,1,0,0,0,0,0,0,3,10,0,0,55,88,131,165,192,164,110,67,32,0,0,0,26,62,103,145,169,141,88,40,10,0,49,51,53,52,51,48,49,50,48,49,52,51,4.6,14.9,29.9,17.6,-8.8,-0.2,11.6,1.3,-2.1,7.4,20.7,9.4,57,83,66,72,8.3,19.6,25.7,14,317,38,0,29,18,357,1446,514,1810,991,61,806,0,7,310,27,4,44,92,52,27,8,0,4,0,274,521,209,0,191,455,138,50,52,49,50,8.8,22.9,-3.4,26.3,278,116,67.7,196.3,384,2335,3668,345,191,139,274,135,38,-34.6,40.2,16.9,1005,784,50,-727
"25","ORNL","ORNL","Oak Ridge","Temperate seasonal forest","wildland","Fire History",35.96412,-84.2826,344.26,"Ultisol","residuum, colluvium, alluvium derived from limestone and shale",25,0.61689,7.7,10,15.8,21.5,25.8,29.2,30.7,30.4,27.5,21.7,15.5,9.6,-3.7,-2.3,2.1,7,11.5,16,18.1,17.7,14.4,7.4,2.3,-1.8,2,3.8,8.9,14.3,18.6,22.6,24.4,24.1,20.9,14.6,8.9,3.9,118,115,144,113,129,111,128,87,97,83,122,137,8,9.9,14.1,17.4,20.3,21.2,20.8,19.5,16.6,12.8,8.5,7.2,42,24,5,0,0,0,0,0,0,0,3,25,33,45,145,280,422,527,600,590,477,298,138,50,499,393,283,128,41,8,2,2,20,124,274,435,0,0,3,17,60,143,199,189,107,17,2,0,7,0,4,30,31,30,31,31,30,31,5,0,9,2,0,0,0,0,0,0,0,0,0,2,33,43,80,117,153,164,169,154,117,83,48,33,0,0,0,4,24,53,40,67,20,0,0,0,60,58,57,56,58,62,64,64,62,57,58,61,9.1,21,30.1,21.6,-2.6,6.9,17.3,8,3.2,13.9,23.7,14.8,370,386,326,302,8.4,17.3,20.5,12.6,91,6,0,4,128,846,1717,912,1327,452,12,418,0,80,531,127,7,65,92,66,13,0,0,0,109,350,487,249,0,28,160,20,60,57,63,59,13.9,24.4,2,22.4,1384,552,17.3,44.1,100,3603,2208,737,230,111,293,183,14,-24.4,39.5,14.7,1194,208,60,190
"26","OSBS","OSBS","Ordway-Swisher","Tropical seasonal forest/savanna","wildland","Prescribed Fire",29.68927,-81.99343,46.09,"Entisol","acid, iron-containing, alluvial, aeolian, and marine deposits",27.5,0.76119,19.2,20.8,24.8,28.4,31.5,32.8,33.2,33.1,31.9,28.3,23.9,20.5,5.3,6.3,9.9,12.7,16.3,19.9,21.2,21.2,20,14.9,9.6,6.3,12.3,13.6,17.3,20.6,23.9,26.4,27.2,27.1,25.9,21.6,16.8,13.4,92,98,103,72,103,164,180,198,156,54,63,85,10.9,12.8,16.8,21.3,22.9,20.6,21,19.2,16.5,14.1,11.8,9.9,3,2,0,0,0,0,0,0,0,0,0,2,236,247,385,464,581,640,685,684,625,512,354,270,185,132,64,23,7,2,0,1,4,16,73,155,9,11,44,94,183,252,284,284,239,125,39,14,24,28,31,30,31,30,31,31,30,31,30,30,0,0,0,0,0,0,0,0,0,0,0,0,69,82,124,157,188,183,182,170,140,115,81,68,0,0,22,85,85,18,2,0,0,60,18,0,57,56,56,55,57,64,66,67,66,61,58,57,20.2,28.2,33,28,6,13,20.8,14.9,13.1,20.6,26.9,21.4,275,278,542,273,11.2,20.3,20.2,14.2,6,0,0,0,754,1430,2010,1492,472,94,3,93,34,321,820,402,82,92,92,91,0,0,0,0,219,470,535,336,0,192,20,78,57,56,66,62,20.5,27.2,12.3,14.9,1368,801,22.3,33.9,7,5685,661,1577,357,47,340,293,0,-12.7,39.5,16.5,1560,290,60,-192
"27","RMNP","RMNP","Rocky Mtn National Park","Temperate seasonal forest","wildland","Fire History",40.27591,-105.54592,2743.85,NA,NA,NA,0.47476,-1.8,-0.4,2,7.2,12.2,17.6,21.6,20.3,15.9,10.2,3.1,-0.9,-12.4,-11.7,-10.2,-6.2,-1.5,2.4,5.8,4.9,1.1,-2.6,-8,-11.3,-7.1,-6,-4.1,0.5,5.4,10,13.7,12.6,8.5,3.8,-2.5,-6.1,50,50,75,84,81,52,60,57,47,44,50,55,9,12,16.2,19.5,23.1,25.4,24.8,21.2,18.3,13.8,9.4,8.2,234,187,156,49,5,0,0,0,1,15,113,206,0,0,0,13,51,151,271,237,115,41,3,0,778,669,687,526,392,241,134,169,286,441,614,744,0,0,0,0,0,1,4,3,2,0,0,0,0,0,1,2,9,22,30,29,17,8,2,1,42,46,71,61,21,1,1,1,4,6,29,46,0,0,0,60,92,118,137,117,78,46,0,0,0,0,0,0,11,66,77,61,32,2,0,0,56,54,53,53,55,53,53,53,53,57,57,58,-1,7.1,19.8,9.8,-11.8,-6,4.4,-3.2,-6.4,0.6,12.1,3.3,155,240,169,140,9.7,19.6,23.8,13.8,626,210,0,130,0,64,659,159,2191,1605,544,1340,0,0,9,2,1,11,81,27,133,153,3,39,0,152,372,124,0,11,204,34,56,53,53,56,2.4,13.7,-7.1,20.8,704,297,17.6,46.2,967,882,5680,10,120,181,240,59,328,-38.9,31.8,16.7,649,249,55,55
"28","SCBI","SCBI","Smithsonian Conservation Biology Institute","Temperate seasonal forest","wildland","Fire History",38.89292,-78.1395,352.9,"Alfisol","residuum and colluvium of basic igneous rocks",22.5,0.71925,5.4,6.5,12.2,17.9,23.7,28.2,30.1,29.3,25.8,19.9,13.5,6.9,-5.8,-5,-0.4,4.9,9.9,14.5,16.7,16.2,12.7,6.5,1.6,-3.6,-0.2,0.7,5.9,11.4,16.8,21.3,23.4,22.7,19.3,13.2,7.5,1.6,63,68,80,80,101,91,97,93,91,90,83,79,7.2,10.3,14.1,17.7,19.7,21.3,20.5,19.1,15.9,12.1,8.1,6.6,71,52,13,1,0,0,0,0,0,0,6,44,19,20,78,196,365,489,569,548,428,256,105,28,566,480,377,206,71,13,3,5,34,160,315,505,0,0,1,7,34,106,169,148,72,10,1,0,5,0,0,27,31,30,31,31,30,31,2,0,11,8,0,0,0,0,0,0,0,0,0,4,0,33,64,97,139,159,166,146,106,71,39,24,0,0,0,17,38,69,69,53,15,0,0,0,59,58,59,60,59,60,62,62,61,59,61,62,6.2,17.9,29.2,19.8,-4.8,4.8,15.8,6.9,0.7,11.4,22.5,13.3,210,260,280,264,8,17.2,20.3,12,167,14,0,6,67,639,1607,790,1551,654,20,509,0,42,423,83,5,58,92,63,23,0,0,0,57,299,472,216,0,55,191,15,60,59,61,60,12,23.4,-0.2,23.6,1015,472,21.6,49.5,187,3103,2734,548,218,118,289,171,23,-26.9,38.9,14.4,1044,261,60,-29
"29","SERC","SERC","Smithsonian Environmental Research Center","Temperate seasonal forest","wildland","Fire History",38.89008,-76.56001,9.84,"Ultisol","acid alluvial, fluvial, marine deposits",25,0.69705,5.9,7.1,12.8,18.8,24.3,28.8,30.9,30,26.7,20.4,14.3,7.7,-3.7,-3,1.4,6.6,12.2,17.2,19.7,19.1,15.4,9,3.8,-1.6,1.1,2,7.1,12.7,18.3,23,25.3,24.5,21,14.7,9,3,77,76,89,84,110,94,96,101,92,82,88,88,7,10,13.7,17.4,19.8,21.2,21.2,19.2,15.5,11.4,7.9,6.4,53,38,9,1,0,0,0,0,0,0,3,31,26,28,101,233,411,540,627,605,480,303,140,40,526,443,341,171,46,6,1,2,19,119,270,461,0,0,2,10,54,155,226,204,110,18,2,0,7,0,2,30,31,30,31,31,30,31,19,0,8,4,0,0,0,0,0,0,0,0,0,2,25,33,64,99,136,153,159,139,103,68,38,25,0,0,0,14,26,59,63,39,11,0,0,0,65,64,63,62,64,66,68,69,67,65,66,67,6.9,18.6,29.9,20.5,-2.8,6.7,18.7,9.4,2,12.7,24.3,14.9,241,284,290,262,7.8,16.9,20.5,11.6,121,10,0,3,94,744,1771,924,1431,557,9,408,0,67,585,130,7,63,92,80,15,0,0,0,83,298,451,210,0,40,161,11,65,63,68,66,13.5,25.3,1.1,24.2,1076,492,21.8,51.3,135,3534,2406,781,241,106,300,194,15,-24.1,39.7,14.2,1042,212,65,34
"30","SJER","SJER","San Juaquin","Temperate grassland/desert","grazing","Fire History",37.10878,-119.73228,398.54,"Alfisol","granite-derived residiuum",25,0.50223,13.2,15.7,18.1,22,27.9,33.2,37.5,36.2,32.5,26.6,18.8,13.5,0.7,2.7,3.5,5.6,8.7,12.9,15.7,15.2,12.6,8.2,4.3,1.4,6.9,9.2,10.8,13.8,18.3,23.1,26.6,25.7,22.5,17.4,11.6,7.4,93,85,77,40,10,1,0,0,10,22,67,65,7.1,10.8,16.8,21.8,25.9,28.9,28.5,25.8,21.4,15.7,10,7,12,6,3,0,0,0,0,0,0,0,1,10,88,126,182,260,413,541,669,640,525,384,195,97,347,243,226,141,45,6,1,1,12,61,197,325,0,0,1,9,50,156,268,239,146,38,2,0,17,21,25,28,30,30,31,31,30,30,25,19,2,0,0,0,0,0,0,0,0,0,0,1,41,54,87,121,174,204,233,203,148,99,53,37,0,0,10,81,164,203,233,203,138,78,0,0,60,59,55,51,46,45,43,45,46,47,55,61,14.1,22.7,35.6,26,1.6,5.9,14.6,8.4,7.8,14.3,25.1,17.2,242,127,1,98,8.3,21.5,27.8,15.7,27,3,0,1,311,855,1849,1105,915,411,8,270,0,61,663,186,56,83,92,85,3,0,0,0,131,382,640,300,0,255,639,216,60,51,44,50,16.1,26.6,6.9,19.7,469,21,55.7,1289.5,32,4119,1604,910,316,85,323,238,3,-15.5,44.6,18.3,1453,1110,51,-984
"31","SOAP","SOAP","Soaproot Saddle","Woodland/shrubland","wildland","Prescribed Fire",37.03337,-119.26219,1210.28,"Alfisol","granite-derived residiuum",22.5,0.45337,11.5,12.3,13.2,16.1,21.2,26.3,31,30.5,27,21.7,15.5,11.6,-0.8,-0.2,0.6,3.2,6.6,10.7,14.2,13.8,10.7,6.5,2.6,0.1,5.3,6.1,6.9,9.6,13.9,18.5,22.6,22.1,18.8,14.1,9.1,5.8,143,135,127,68,24,10,4,1,15,33,95,112,7.4,11.6,17.6,22.4,26.3,28.8,28.2,25.7,21.7,16.1,10.3,7.3,18,13,10,2,0,0,0,0,0,0,3,15,57,62,84,145,279,404,546,530,415,284,133,64,396,330,347,252,142,37,4,6,39,136,269,375,0,0,0,0,7,54,145,129,63,7,0,0,13,13,17,23,29,30,31,31,30,29,21,15,5,3,2,1,0,0,0,0,0,0,1,2,38,47,69,93,133,159,186,166,122,82,46,34,0,0,0,26,109,150,182,165,106,48,0,0,59,59,59,59,56,55,53,53,53,54,59,62,11.8,16.8,29.3,21.4,-0.3,3.4,12.9,6.6,5.7,10.1,21.1,14,390,219,15,144,8.8,22.1,27.6,16.1,46,12,0,4,183,508,1480,831,1101,741,48,444,0,7,329,71,41,69,92,80,11,3,0,1,118,296,511,249,0,135,497,154,60,58,54,55,12.7,22.6,5.3,17.3,767,54,29.6,419.3,61,3002,2333,407,282,113,308,195,15,-18.8,41,18.6,1175,786,57,-408
"32","SRER","SRER","Santa Rita","Subtropical desert","wildland","No Fire",31.91068,-110.83549,997.35,"Entisol","slightly acid to strongly alkaline alluvium",27.5,0.12561,17.2,19.3,21.6,26.5,31.2,36,35.9,34.4,32.8,28.4,21.9,17.8,1.5,2.5,4.5,7.8,11.7,17.1,20.7,19.8,17.1,11.1,5.8,2.2,9.4,10.9,13.1,17.2,21.5,26.5,28.3,27.1,25,19.7,13.9,10,36,22,27,15,5,8,86,69,32,32,23,39,11.9,14.4,19.8,24.7,27.5,28.4,24.1,22.3,20.4,17.4,12.9,11,6,4,2,0,0,0,0,0,0,0,1,5,150,171,252,364,507,645,720,682,597,456,266,165,272,195,164,63,16,1,0,1,5,30,138,245,2,3,9,38,116,257,319,281,210,82,13,3,19,20,27,29,31,30,31,31,30,31,27,21,0,0,0,0,0,0,0,0,0,0,0,0,61,76,112,153,198,220,207,184,152,118,74,58,26,54,85,138,193,212,122,115,120,86,51,19,51,49,49,47,47,49,59,60,56,51,52,52,18.1,26.4,35.4,27.7,2.1,8,19.2,11.3,10.1,17.2,27.3,19.5,97,47,163,87,12.4,24,24.9,16.9,14,2,0,1,486,1123,2047,1319,712,242,2,173,8,163,857,305,61,87,92,88,0,0,0,0,195,463,612,344,99,416,449,257,51,48,56,53,18.5,28.3,9.4,18.9,393,200,72.6,141.5,17,4975,1129,1333,328,68,330,261,1,-13.9,42.9,19.6,1614,1221,52,-1221
"33","STEI","STEI","Steigerwalt","Temperate seasonal forest","forest harvesting","No Fire",45.508942,-89.586365,476.34,"Spodosol","acidic glacial till",17.5,0.67098,-6.1,-3.9,2.5,11.6,18.9,23.6,26.7,24.7,19.6,13.6,3.9,-3.8,-18.2,-17.6,-10.3,-1.6,4.4,9.9,12.8,11.4,7.1,1.7,-5.3,-13.8,-12.1,-10.7,-3.9,5,11.7,16.8,19.8,18,13.3,7.6,-0.7,-8.8,28,22,46,61,87,97,92,104,117,64,53,36,4.8,8,12.3,15.9,18.7,20.7,20.8,17.7,13.1,8.1,4.7,3.6,378,303,150,11,0,0,0,0,0,3,75,278,1,2,10,60,209,353,457,404,251,105,14,2,933,801,680,392,203,65,17,40,150,322,561,828,0,0,0,2,9,29,72,40,10,2,0,0,0,0,0,0,28,30,31,31,30,4,0,0,27,22,39,6,1,0,0,0,1,2,18,35,0,0,0,69,114,134,146,120,76,44,0,0,0,0,0,8,27,37,54,16,0,0,0,0,50,45,51,56,55,59,60,60,61,62,65,58,-4.6,11,25,12.4,-16.5,-2.5,11.4,1.1,-10.6,4.3,18.2,6.8,86,194,293,233,5.5,15.6,19.7,8.6,960,161,0,79,5,279,1215,371,2562,1274,122,1034,0,11,142,12,0,28,92,34,84,45,0,20,0,182,400,119,0,35,107,0,51,54,60,63,4.7,19.8,-12.1,31.9,806,497,18.2,39.8,1200,1869,4992,165,154,143,267,124,150,-39.2,37.1,12.4,702,142,57,104
"34","STER","STER","Sterling","Woodland/shrubland","agriculture","No Fire",40.461903,-103.029297,1364.5,"Mollisol","neutral to alkaline alluvial, aeolian, and glacio-fluvial deposits",22.5,0.2303,3.9,6.1,9.6,16,20.9,26.9,31.4,30.2,25,18.7,10.7,4.9,-10.9,-8.7,-5.5,0.2,5.6,10.9,14.5,13.2,7.8,1.4,-4.9,-9.6,-3.5,-1.3,2,8.1,13.2,18.9,23,21.7,16.4,10.1,2.9,-2.3,9,8,25,37,85,71,75,48,29,20,13,10,8.4,11.3,15.4,19.1,22.4,25.1,25.5,22,18,12.9,8.6,7.4,139,82,39,3,0,0,0,0,0,1,26,108,6,10,29,115,259,415,556,518,343,167,34,8,667,537,497,297,160,33,4,8,77,247,453,627,0,0,0,2,11,61,155,121,30,3,0,0,1,1,2,12,29,30,31,31,29,16,3,1,5,4,6,1,0,0,0,0,0,0,2,5,0,0,56,93,130,159,183,159,109,68,34,0,0,0,31,56,45,88,109,111,79,48,21,0,45,47,49,51,54,54,53,52,50,48,48,47,5,15.5,29.5,18.1,-9.7,0.1,12.9,1.5,-2.4,7.8,21.2,9.8,27,147,194,63,9,19,24.2,13.2,329,42,0,27,23,404,1489,544,1831,954,44,776,0,13,337,33,2,43,92,49,13,7,0,2,0,279,502,211,0,132,308,148,46,51,53,49,9.1,23,-3.5,26.4,430,308,44.4,74.6,399,2460,3605,383,186,131,274,143,22,-35.2,40.3,16.4,991,588,50,-561
"35","TALL","TALL","Talladega","Temperate seasonal forest","wildland","Prescribed Fire",32.95046,-87.39327,162.95,"Ultisol","acidic, iron-containing alluvial, fluvial, and marine deposits",25,0.36682,12,14.7,19.2,24.6,28.2,31.6,32.7,32.4,29.9,24.7,19.1,14.1,-0.4,1.3,5.4,10.2,14.2,18.4,20.3,19.9,16.8,9.8,4.9,1.4,5.8,8,12.3,17.4,21.2,25,26.5,26.1,23.4,17.2,12,7.7,141,139,167,134,108,104,126,100,96,79,104,133,8,10.7,14.9,18.5,21.5,21.4,21.7,19.9,16.9,13.4,9.4,7.4,16,8,2,0,0,0,0,0,0,0,1,9,82,112,236,372,499,599,665,654,549,379,216,118,381,277,184,59,18,3,1,1,9,64,186,316,1,2,9,43,111,213,264,253,165,42,8,2,13,1,29,30,31,30,31,31,30,31,27,2,3,0,0,0,0,0,0,0,0,0,0,0,46,59,96,133,165,177,180,165,132,99,63,46,0,0,0,0,57,72,54,65,36,21,0,0,59,57,58,57,60,63,65,65,62,56,56,59,13.6,24,32.2,24.6,0.8,9.9,19.5,10.5,7.2,17,25.9,17.5,413,409,330,279,8.7,18.3,21,13.2,32,2,0,1,311,1107,1918,1144,973,261,4,259,5,164,730,214,15,90,92,88,3,0,0,0,151,395,522,294,0,57,191,57,59,58,64,58,16.9,26.5,5.8,20.7,1431,534,18.8,49.6,36,4481,1497,1113,285,91,308,217,3,-20,40.7,15.3,1361,305,60,70
"36","TOOL","TOOL","Toolik","Tundra","wildland","Fire History",68.66109,-149.37047,827.97,NA,NA,NA,NA,-17.7,-21.3,-19,-9.8,4.5,13.7,16.1,14.3,3.5,-11.1,-14.1,-21.6,-28.1,-30.9,-27.8,-19.7,-6.3,2.7,5.7,4.1,-5.9,-18.5,-23.3,-31,-22.9,-26.1,-23.4,-14.7,-0.9,8.2,10.9,9.2,-1.2,-14.8,-18.7,-26.3,18,16,15,15,15,38,69,79,30,28,21,21,-9999,2.1,7.7,14.6,19.3,21.4,18.3,12.4,6.9,2.5,0.1,-9999,710,730,726,444,77,1,0,0,63,453,557,813,10,5,0,0,6,103,181,129,6,0,0,6,1264,1231,1285,979,586,295,221,275,576,1021,1100,1368,0,0,0,2,0,0,0,0,0,0,0,0,0,0,0,0,1,23,30,27,2,0,0,0,18,16,15,15,11,3,2,5,22,28,21,21,0,0,0,0,0,75,76,52,0,0,0,0,0,0,0,0,0,37,7,0,0,0,0,0,51,53,58,56,59,64,67,67,64,66,58,54,-20.2,-8.1,14.7,-7.2,-30,-17.9,4.2,-15.9,-25.1,-13,9.4,-11.6,55,45,186,79,-9999,13.9,17.4,3.2,2253,1248,1,1073,21,6,414,7,3863,2850,790,2696,0,2,0,0,0,1,80,2,55,41,10,70,0,0,203,0,0,0,44,0,53,58,66,63,-10.1,10.9,-26.3,37.2,365,231,-0.2,47.2,4574,447,10200,2,84,179,217,38,177,-65.8,29.1,-9999,203,44,60,162
"37","TREE","TREE","Treehaven","Temperate seasonal forest","forest harvesting","Fire History",45.493725,-89.585718,465.93,"Spodosol","acidic glacial till",17.5,0.66697,-6.1,-3.9,2.5,11.6,18.9,23.7,26.7,24.7,19.6,13.6,3.9,-3.8,-18.2,-17.6,-10.2,-1.6,4.4,9.9,12.8,11.4,7.1,1.7,-5.3,-13.8,-12.1,-10.7,-3.8,5,11.7,16.8,19.8,18,13.3,7.6,-0.7,-8.8,28,22,46,61,87,97,92,104,117,64,53,36,-9999,8,12.3,15.9,18.7,20.7,20.8,17.7,13.1,8.1,4.8,3.7,378,303,149,11,0,0,0,0,0,3,75,278,1,2,10,60,210,353,458,405,251,105,14,2,933,801,679,391,203,65,17,40,150,322,561,828,0,0,0,2,9,29,72,41,10,2,0,0,0,0,0,0,28,30,31,31,30,4,0,0,27,22,39,6,1,0,0,0,1,2,18,35,0,0,0,69,114,134,146,120,76,44,0,0,0,0,0,8,27,37,54,16,0,0,0,0,50,45,51,56,56,59,59,60,61,62,65,58,-4.6,11,25,12.4,-16.5,-2.5,11.4,1.2,-10.6,4.3,18.2,6.8,86,194,293,234,-9999,15.6,19.7,8.7,960,160,0,78,5,279,1216,371,2562,1273,122,1033,0,11,142,12,0,28,92,34,84,45,0,20,0,182,400,119,0,35,107,0,51,54,60,63,4.7,19.8,-12.1,31.9,807,497,18.2,39.8,1198,1871,4989,165,155,143,267,124,149,-39.2,37.1,-9999,702,142,57,105
"38","UNDE","UNDE","UNDERC","Temperate seasonal forest","wildland","Fire History",46.23388,-89.53725,519.61,"Spodosol","isotic glacial till and acid aeolian deposits",17.5,0.64727,-6.4,-4.2,2.2,11,18.5,23.4,26.2,24.3,18.9,13.1,3.2,-4.1,-18,-17.5,-10.8,-2.2,3.8,9.3,12.3,11,6.8,1.6,-5.5,-13.9,-12.2,-10.9,-4.3,4.4,11.1,16.3,19.3,17.6,12.9,7.3,-1.1,-9,33,26,45,58,90,96,86,109,103,72,55,42,4.7,7.6,12,16.1,19.1,21.1,21.3,17.9,13.2,7.7,4.4,3.4,380,307,161,13,0,0,0,0,0,4,84,283,1,1,8,51,195,339,442,391,236,98,12,2,934,804,693,408,216,75,21,47,162,332,574,834,0,0,0,1,8,24,61,34,9,1,0,0,0,0,0,0,25,30,31,31,30,4,0,0,31,26,40,8,1,0,0,0,1,2,22,41,0,0,0,66,112,133,143,117,72,41,0,0,0,0,0,8,22,37,57,7,0,0,0,0,51,46,50,56,55,58,59,60,62,62,66,59,-4.9,10.6,24.6,11.8,-16.5,-3.1,10.9,1,-10.7,3.8,17.7,6.4,101,193,292,229,5.2,15.7,20.1,8.4,970,175,0,88,3,254,1173,347,2573,1317,143,1068,0,9,119,10,0,25,92,34,98,49,0,25,0,178,393,114,0,30,101,0,52,54,59,64,4.3,19.3,-12.2,31.4,815,485,17.5,39.7,1232,1778,5101,138,151,145,266,121,173,-39.2,36.6,12.4,685,131,57,130
"39","WOOD","WOOD","Woodworth","Woodland/shrubland","regenerating ag",NA,47.128228,-99.241356,590.16,"Mollisol","neutral to alkaline glacial till and glacio-fluvial deposits",20,0.43021,-8.5,-5.9,1.4,11.6,19.2,24.4,28.6,27.8,21,14.5,3.7,-5.3,-20.1,-18.1,-10.7,-1.5,4.4,10.3,13.4,11.8,6,0.1,-8.1,-16.5,-14.3,-12,-4.6,5.1,11.8,17.3,21,19.8,13.5,7.3,-2.2,-10.9,8,7,15,36,52,81,75,52,50,26,8,10,4.6,7.6,13,17,19.8,21.5,22.5,19.6,14.1,9.1,4.9,3.7,446,339,171,10,0,0,0,0,0,4,107,339,0,1,11,65,213,369,497,459,258,98,12,0,1001,836,704,389,199,56,9,19,145,332,606,891,0,0,0,2,11,36,104,76,11,2,0,0,0,0,0,4,27,30,31,31,29,7,1,0,8,7,14,4,1,0,0,0,0,1,5,10,0,0,0,67,114,136,156,134,80,45,0,0,0,0,0,31,62,55,81,82,30,19,0,0,50,49,53,56,55,58,56,54,55,54,55,53,-6.6,10.7,26.9,13.1,-18.2,-2.6,11.8,-0.7,-12.4,4.1,19.4,6.2,25,103,208,84,5.3,16.6,21.2,9.4,1124,181,0,112,1,289,1324,368,2728,1292,84,1083,0,12,215,13,0,32,92,36,25,19,0,6,0,181,426,125,0,93,218,49,51,55,56,55,4.3,21,-14.3,35.4,420,310,34.1,67.9,1416,1982,5187,240,160,140,263,124,50,-41.8,40.7,13.1,732,360,54,-312
"40","WREF","WREF","Wind River","Temperate rain forest","wildland","Fire History",45.820488,-121.951912,368.18,"Andisol","volcanic ash, alluvium and colluvium derived from acid igneous rocks",17.5,0.77334,3.3,6.4,9.8,13.2,18.1,22.2,26.3,26,22.2,15.7,7.9,3.9,-2.9,-1.2,-0.1,1.6,4.4,7.8,9.5,9.5,7.2,3.9,0.8,-1.6,0.2,2.6,4.9,7.4,11.2,15,17.9,17.8,14.7,9.8,4.4,1.1,410,334,263,169,90,62,20,40,89,181,380,431,4.2,7.3,11,15.5,19.5,22.2,24.2,21,15.3,8.7,4.5,3.3,65,33,17,4,0,0,0,0,0,1,16,50,6,17,43,88,198,300,400,396,293,160,39,11,554,428,409,319,214,105,38,44,114,255,410,520,0,0,0,0,0,13,35,36,17,0,0,0,8,10,14,19,27,29,31,31,28,25,17,11,90,40,16,7,1,0,0,0,1,1,32,67,13,22,45,71,108,130,153,131,86,47,19,11,0,0,0,0,18,69,133,92,0,0,0,0,77,73,66,62,58,57,51,52,55,62,75,80,4.5,13.7,24.9,15.3,-1.9,2,8.9,4,1.3,7.8,16.9,9.6,1175,523,121,650,4.9,15.3,22.5,9.5,148,22,0,18,34,329,1096,492,1502,942,187,779,0,0,85,17,29,60,91,71,197,24,0,34,47,225,415,151,0,18,294,0,76,62,53,64,8.9,17.9,0.2,17.7,2468,300,7.7,59.7,188,1951,3409,102,251,130,289,159,255,-22.9,37.5,13,838,312,64,1630
