"","ID","YEAR","DAY","HOUR","TIME","DATE","vegtemp_7","soiltemp_0.6","soiltemp_8.7","soiltemp_16","soiltemp_23.6","soiltemp_31.2","soiltemp_38.7","soiltemp_46.3","soiltemp_61.6","soiltemp_76.8","soiltemp_97.8"
"1","301",2016,"1",24,6575,2016-01-01,"-7.2397083333329997","-7.3249583333329999","-7.6232499999999996","-7.8322083333329999","-7.0698749999999997","-6.6995833333329999","-6.1265416666670003","-5.8579999999999997","-5.5255833333329996","-5.3161250000000004","-4.8349166666669996"
"2","301",2016,"2",24,6576,2016-01-02,"-5.7335833333329997","-5.8330000000000002","-6.1661250000000001","-7.0489583333330001","-7.356958333333","-7.1523333333329999","-6.2485833333330003","-5.8121666666670002","-5.3905416666669996","-5.1725416666669997","-4.7310833333330002"
"3","301",2016,"3",24,6577,2016-01-03,"-4.5005833333330001","-4.6001250000000002","-4.9236250000000004","-5.6657083333329998","-5.5430000000000001","-5.6362500000000004","-5.5132500000000002","-5.4095416666669998","-5.2002499999999996","-5.0517916666670004","-4.6561666666669996"
"4","301",2016,"4",24,6578,2016-01-04,"-6.26525","-6.3912916666669997","-6.7639166666669999","-7.4657499999999999","-7.0335000000000001","-6.4282916666669996","-5.6088750000000003","-5.2958749999999997","-5.0136666666669996","-4.8955833333329997","-4.554875"
"5","301",2016,"5",24,6579,2016-01-05,"-3.2546249999999999","-3.4168333333329999","-3.8127083333330001","-5.2092083333329997","-5.5269583333329999","-5.5928750000000003","-5.3246666666670004","-5.1666249999999998","-4.9305416666669997","-4.8120833333329998","-4.4811666666669998"
"6","301",2016,"6",24,6580,2016-01-06,"-6.6704583333330003","-6.8224583333329996","-7.151041666667","-8.2362500000000001","-7.7129166666669997","-6.877791666667","-5.6431666666669997","-5.167041666667","-4.8343333333330003","-4.7165833333330003","-4.4109999999999996"
"7","301",2016,"7",24,6581,2016-01-07,"-13.375","-13.40875","-13.65708333333","-12.34291666667","-10.099583333329999","-8.2891666666670005","-6.2264583333330004","-5.4377500000000003","-4.904583333333","-4.7095000000000002","-4.3655833333330003"
"8","301",2016,"8",24,6582,2016-01-08,"-18.824166666669999","-18.937916666669999","-19.239166666669998","-18.340416666669999","-15.5625","-12.23","-7.9808333333329999","-6.3312499999999998","-5.2389999999999999","-4.8461249999999998","-4.415375"
"9","301",2016,"9",24,6583,2016-01-09,"-20.7225","-20.91291666667","-21.305416666669998","-20.564583333329999","-17.37125","-13.67333333333","-8.9437499999999996","-7.0755833333330003","-5.7368750000000004","-5.1809166666669997","-4.5994999999999999"
"10","301",2016,"10",24,6584,2016-01-10,"-17.615416666670001","-17.830833333329998","-18.217083333329999","-18.974166666670001","-17.51708333333","-14.42833333333","-9.677083333333","-7.7279166666670003","-6.2388333333329999","-5.55525","-4.8594166666670002"
"11","301",2016,"11",24,6585,2016-01-11,"-23.19","-23.576250000000002","-24.212916666670001","-24.39958333333","-20.50083333333","-15.71958333333","-10.19791666667","-8.0762499999999999","-6.5707083333330001","-5.8722500000000002","-5.1209166666670001"
"12","301",2016,"12",24,6586,2016-01-12,"-32.153333333330004","-32.445416666669999","-33.053333333330002","-32.948333333329998","-28.438749999999999","-21.507083333330002","-12.94458333333","-9.6137499999999996","-7.2910416666669997","-6.2911666666670003","-5.3828333333330001"
"13","301",2016,"13",24,6587,2016-01-13,"-20.972916666669999","-21.157916666670001","-21.577083333329998","-22.632083333330002","-21.891249999999999","-18.379166666669999","-12.62416666667","-10.172083333330001","-8.0675000000000008","-6.9551249999999998","-5.8384583333329996"
"14","301",2016,"14",24,6588,2016-01-14,"-14.19458333333","-14.203749999999999","-14.45041666667","-15.13416666667","-14.82916666667","-13.328749999999999","-10.602499999999999","-9.3483333333330005","-8.0770833333330003","-7.2458333333329996","-6.212416666667"
"15","301",2016,"15",24,6589,2016-01-15,"-14.99333333333","-14.88208333333","-14.125","-12.341666666669999","-11.487916666669999","-10.6075","-9.1345833333329995","-8.4525000000000006","-7.7037500000000003","-7.1704166666670002","-6.3401666666669998"
"16","301",2016,"16",24,6590,2016-01-16,"-25.21583333333","-25.109166666669999","-21.345416666670001","-14.396666666670001","-12.35208333333","-10.81708333333","-8.8795833333330005","-8.0749999999999993","-7.3845833333330004","-6.9662499999999996","-6.2759999999999998"
"17","301",2016,"17",24,6591,2016-01-17,"-32.869999999999997","-32.935000000000002","-30.676666666669998","-19.606249999999999","-15.949583333330001","-13.02125","-9.6454166666669998","-8.3204166666670005","-7.3495833333330003","-6.87425","-6.227666666667"
"18","301",2016,"18",24,6592,2016-01-18,"-37.024166666669998","-37.11666666667","-34.908749999999998","-23.232500000000002","-19.03041666667","-15.197083333329999","-10.69041666667","-8.9037500000000005","-7.5979166666670004","-6.9922083333330001","-6.2694999999999999"
"19","301",2016,"19",24,6593,2016-01-19,"-38.452500000000001","-38.951250000000002","-35.44583333333","-25.105416666669999","-21.254166666669999","-16.99625","-11.68375","-9.5645833333329993","-7.992916666667","-7.2466666666670001","-6.4260000000000002"
"20","301",2016,"20",24,6594,2016-01-20,"-38.612083333329998","-39.051666666670002","-36.144583333329997","-26.447083333329999","-22.560833333329999","-18.080416666670001","-12.421666666669999","-10.15333333333","-8.4333333333329996","-7.5754166666670004","-6.6565833333329998"
"21","301",2016,"21",24,6595,2016-01-21,"-35.338333333329999","-35.453749999999999","-33.96791666667","-26.152083333330001","-22.524166666669998","-18.265416666669999","-12.803750000000001","-10.58708333333","-8.836666666667","-7.9291666666670002","-6.9372499999999997"
"22","301",2016,"22",24,6596,2016-01-22,"-37.617083333330001","-37.914166666669999","-35.474583333330003","-26.69","-23.0075","-18.6325","-13.11958333333","-10.884583333329999","-9.1420833333329998","-8.2225000000000001","-7.1995833333329999"
"23","301",2016,"23",24,6597,2016-01-23,"-33.127916666669996","-33.172499999999999","-31.642499999999998","-25.89208333333","-22.86","-18.79166666667","-13.421666666669999","-11.223750000000001","-9.4633333333330008","-8.5187500000000007","-7.4558333333329996"
"24","301",2016,"24",24,6598,2016-01-24,"-9.7829999999999995","-9.7314583333330003","-10.30941666667","-13.33083333333","-14.234999999999999","-13.73583333333","-11.75625","-10.73","-9.5512499999999996","-8.7508333333330004","-7.71"
"25","301",2016,"25",24,6599,2016-01-25,"-8.8462499999999995","-9.0090000000000003","-9.5566666666670006","-10.669583333329999","-10.42083333333","-10.276249999999999","-9.7470833333330003","-9.4437499999999996","-8.9737500000000008","-8.5420833333330002","-7.739583333333"
"26","301",2016,"26",24,6600,2016-01-26,"-7.9400833333329999","-8.1743333333329993","-8.7922499999999992","-10.317791666670001","-10.421666666669999","-10.178750000000001","-9.382083333333","-8.9679166666669996","-8.5191666666669992","-8.1941666666669999","-7.569583333333"
"27","301",2016,"27",24,6601,2016-01-27,"-9.2319999999999993","-9.4373333333329992","-9.8665416666670005","-9.3858333333330002","-8.4450000000000003","-8.2766666666669995","-8.2550000000000008","-8.2424999999999997","-8.0875000000000004","-7.9016666666670003","-7.3904166666669999"
"28","301",2016,"28",24,6602,2016-01-28,"-14.04041666667","-14.14708333333","-14.6","-14.11583333333","-12.67","-11.13541666667","-9.2141666666669995","-8.4354166666670007","-7.8795833333329997","-7.6429166666670003","-7.1866666666669996"
"29","301",2016,"29",24,6603,2016-01-29,"-9.5218749999999996","-9.5875833333330007","-10.03716666667","-11.536250000000001","-11.6775","-10.853333333329999","-9.2799999999999994","-8.5479166666669997","-7.9137500000000003","-7.5908333333330003","-7.1012500000000003"
"30","301",2016,"30",24,6604,2016-01-30,"-10.56841666667","-10.57925","-10.9605","-10.230208333329999","-9.5904166666670001","-9.1991666666670007","-8.4520833333330003","-8.0954166666670009","-7.7324999999999999","-7.5091666666670003","-7.0510833333329996"
"31","301",2016,"31",24,6605,2016-01-31,"-11.230416666669999","-11.248749999999999","-11.63875","-12.17666666667","-11.44791666667","-10.468333333329999","-8.8441666666670002","-8.1341666666669994","-7.6129166666670001","-7.3762499999999998","-6.952375"
"32","301",2016,"32",24,6606,2016-02-01,"-12.990416666670001","-12.96958333333","-13.330416666670001","-13.4025","-12.27791666667","-11.032916666669999","-9.1087500000000006","-8.2308333333330008","-7.5862499999999997","-7.3179166666670001","-6.8880416666670001"
"33","301",2016,"33",24,6607,2016-02-02,"-15.36083333333","-15.390416666669999","-15.82333333333","-16.133749999999999","-14.85041666667","-12.95208333333","-10.023333333329999","-8.6587499999999995","-7.7162499999999996","-7.3416666666669999","-6.8810416666669996"
"34","301",2016,"34",24,6608,2016-02-03,"-17.785","-17.888750000000002","-18.462916666670001","-19.030833333330001","-17.123750000000001","-14.427916666670001","-10.77375","-9.0787499999999994","-7.9249999999999998","-7.4537500000000003","-6.9117083333330003"
"35","301",2016,"35",24,6609,2016-02-04,"-14.19125","-14.46583333333","-14.968333333329999","-16.236249999999998","-15.650416666670001","-13.901249999999999","-10.70958333333","-9.2712500000000002","-8.1654166666669994","-7.6404166666669999","-7.0287499999999996"
"36","301",2016,"36",24,6610,2016-02-05,"-32.89875","-33.0625","-33.57083333333","-28.918749999999999","-21.86","-16.70166666667","-11.546250000000001","-9.5462500000000006","-8.2783333333330003","-7.7454166666670003","-7.1212499999999999"
"37","301",2016,"37",24,6611,2016-02-06,"-28.842083333329999","-29.207916666669998","-29.803333333329999","-29.245833333330001","-26.2775","-20.943750000000001","-14.00375","-11.08375","-9.0299999999999994","-8.1429166666670003","-7.3250000000000002"
"38","301",2016,"38",24,6612,2016-02-07,"-16.652916666669999","-16.71958333333","-17.286666666670001","-18.528749999999999","-17.924583333329998","-15.757916666670001","-12.38125","-10.803750000000001","-9.4170833333330002","-8.6137499999999996","-7.6908333333329999"
"39","301",2016,"39",24,6613,2016-02-08,"-13.945416666670001","-14.112916666669999","-14.50916666667","-14.817500000000001","-14.054583333329999","-12.893750000000001","-10.992083333329999","-10.10125","-9.2191666666670002","-8.6575000000000006","-7.8562500000000002"
"40","301",2016,"40",24,6614,2016-02-09,"-15.46583333333","-15.4725","-15.796250000000001","-15.55","-14.24666666667","-12.70458333333","-10.625","-9.7120833333330001","-8.9670833333329991","-8.5279166666670001","-7.8574999999999999"
"41","301",2016,"41",24,6615,2016-02-10,"-20.51041666667","-20.707916666669998","-20.644166666669999","-17.006250000000001","-15.093333333329999","-13.15916666667","-10.69583333333","-9.67","-8.8795833333330005","-8.4470833333329995","-7.8158333333329999"
"42","301",2016,"42",24,6616,2016-02-11,"-25.591666666670001","-25.52833333333","-25.108333333329998","-19.3","-16.744166666670001","-14.175833333330001","-11.07625","-9.8133333333330004","-8.8874999999999993","-8.4345833333330003","-7.81"
"43","301",2016,"43",24,6617,2016-02-12,"-13.35416666667","-13.517875","-14.055999999999999","-15.316666666670001","-14.93125","-13.54875","-11.0975","-9.989583333333","-9.0404166666669994","-8.5287500000000005","-7.8683333333330001"
"44","301",2016,"44",24,6618,2016-02-13,"-6.7905833333330001","-6.8821250000000003","-7.5421666666669998","-9.8161666666669998","-10.17625","-10.17625","-9.645833333333","-9.3220833333329995","-8.8550000000000004","-8.5083333333330007","-7.913333333333"
"45","301",2016,"45",24,6619,2016-02-14,"-8.3147083333329999","-8.4102499999999996","-8.739958333333","-8.881708333333","-8.3524999999999991","-8.3729166666670007","-8.4741666666669992","-8.5175000000000001","-8.4058333333329998","-8.2558333333329994","-7.8062500000000004"
"46","301",2016,"46",24,6620,2016-02-15,"-11.675416666669999","-11.706250000000001","-11.85666666667","-11.400416666670001","-10.53041666667","-9.8470833333329999","-8.9033333333330003","-8.4966666666670001","-8.1624999999999996","-8.0116666666670007","-7.6329166666669996"
"47","301",2016,"47",24,6621,2016-02-16,"-13.51833333333","-13.53125","-13.77875","-12.74708333333","-11.4175","-10.372916666669999","-9.0579166666669995","-8.4991666666669996","-8.0791666666669997","-7.8941666666670001","-7.5183333333329996"
"48","301",2016,"48",24,6622,2016-02-17,"-13.88583333333","-13.810416666669999","-14.322083333329999","-15.078749999999999","-14.057499999999999","-12.56791666667","-10.03958333333","-8.899166666667","-8.1495833333330001","-7.875","-7.4487500000000004"
"49","301",2016,"49",24,6623,2016-02-18,"-18.670000000000002","-18.63541666667","-19.17041666667","-19.744583333329999","-17.87041666667","-15.266249999999999","-11.34291666667","-9.5637500000000006","-8.4087499999999995","-7.9675000000000002","-7.4741666666670001"
"50","301",2016,"50",24,6624,2016-02-19,"-19.029166666670001","-19.081250000000001","-19.655000000000001","-20.61833333333","-19.040833333329999","-16.267916666670001","-12.1175","-10.17625","-8.802083333333","-8.2108333333329995","-7.5962500000000004"
"51","301",2016,"51",24,6625,2016-02-20,"-13.1075","-13.32083333333","-13.928750000000001","-15.67333333333","-15.53791666667","-14.02291666667","-11.345416666669999","-10.06791666667","-9.0066666666669999","-8.4491666666670007","-7.7837500000000004"
"52","301",2016,"52",24,6626,2016-02-21,"-9.9942083333330007","-10.211208333329999","-10.624833333330001","-12.00858333333","-12.63958333333","-11.946249999999999","-10.411250000000001","-9.6304166666669992","-8.91","-8.4908333333330006","-7.8737500000000002"
"53","301",2016,"53",24,6627,2016-02-22,"-3.9902916666669999","-4.0783333333330001","-4.4256666666670004","-5.6377916666669998","-5.9816666666670004","-6.5907916666670001","-7.7995833333329996","-8.3483333333330005","-8.4495833333330008","-8.3187499999999996","-7.8554166666669998"
"54","301",2016,"54",24,6628,2016-02-23,"-7.1038750000000004","-7.1364166666670004","-7.4770416666669997","-8.8952083333330005","-8.5783333333329992","-8.4566666666669992","-8.2058333333330005","-8.0766666666670002","-7.9924999999999997","-7.9541666666669997","-7.6541666666669999"
"55","301",2016,"55",24,6629,2016-02-24,"-8.4360416666670002","-8.4701249999999995","-8.8309166666669991","-10.47708333333","-10.3475","-9.7354166666669997","-8.7445833333330008","-8.2691666666669992","-7.9162499999999998","-7.7941666666670004","-7.4891666666669998"
"56","301",2016,"56",24,6630,2016-02-25,"-4.9790000000000001","-5.2087500000000002","-5.6060833333330002","-7.2942499999999999","-7.8084583333330002","-8.041666666667","-8.0091666666669994","-7.9437499999999996","-7.8004166666670001","-7.7145833333329996","-7.4175000000000004"
"57","301",2016,"57",24,6631,2016-02-26,"-6.0349583333329999","-6.0998333333329997","-6.5707500000000003","-8.0790833333329992","-7.5901249999999996","-7.5248749999999998","-7.5604166666669999","-7.5720833333330004","-7.5441666666670004","-7.5341666666669997","-7.2949999999999999"
"58","301",2016,"58",24,6632,2016-02-27,"-5.9158749999999998","-5.8019999999999996","-6.1912500000000001","-8.0739166666669995","-8.2965","-8.1447916666670004","-7.7966666666669999","-7.6087499999999997","-7.4412500000000001","-7.3916666666669997","-7.1658333333330004"
"59","301",2016,"59",24,6633,2016-02-28,"-7.0581250000000004","-7.2136666666669997","-7.8953749999999996","-10.27583333333","-9.5604166666670007","-8.7583333333330007","-7.8849999999999998","-7.5429166666669998","-7.3304166666670003","-7.2850000000000001","-7.0737500000000004"
"60","301",2016,"60",24,6634,2016-02-29,"-4.2016249999999999","-4.2679999999999998","-4.60025","-6.0210833333330003","-6.8827916666669999","-7.3689583333330004","-7.4974166666670001","-7.4683333333329998","-7.322916666667","-7.25875","-7.0187499999999998"
"61","301",2016,"61",24,6635,2016-03-01,"-6.0650000000000004","-6.2546666666670001","-6.408666666667","-5.9037083333330003","-5.8904166666669999","-6.3456250000000001","-6.802458333333","-6.9812083333329999","-7.0547083333330001","-7.1037499999999998","-6.9279999999999999"
"62","301",2016,"62",24,6636,2016-03-02,"-11.43416666667","-11.59","-11.968333333329999","-8.8682083333329995","-7.7774999999999999","-7.3741666666669996","-7.044458333333","-6.9327500000000004","-6.8994583333330004","-6.9321250000000001","-6.7917916666669997"
"63","301",2016,"63",24,6637,2016-03-03,"-10.26066666667","-10.521666666670001","-9.4375833333330004","-8.7925000000000004","-8.4250000000000007","-8.1158333333330006","-7.4737499999999999","-7.1654166666670003","-6.9287916666670002","-6.8939583333329999","-6.7115"
"64","301",2016,"64",24,6638,2016-03-04,"-17.05125","-16.962499999999999","-14.539166666670001","-10.143750000000001","-8.9441666666669999","-8.3187499999999996","-7.5145833333330003","-7.1733333333329998","-6.9347500000000002","-6.888583333333","-6.6759166666669998"
"65","301",2016,"65",24,6639,2016-03-05,"-23.159583333330001","-23.390416666669999","-21.82083333333","-13.892916666670001","-11.562916666670001","-9.9570833333329993","-8.1720833333329992","-7.4562499999999998","-7.0154166666669999","-6.8912500000000003","-6.6487916666669999"
"66","301",2016,"66",24,6640,2016-03-06,"-18.643333333329998","-18.766666666670002","-18.551666666669998","-15.623749999999999","-13.79416666667","-11.74625","-9.1737500000000001","-8.0754166666669995","-7.3095833333330003","-7.0388333333329998","-6.7132083333330002"
"67","301",2016,"67",24,6641,2016-03-07,"-16.440833333330001","-16.605416666669999","-17.422083333330001","-17.967500000000001","-15.441666666670001","-12.626666666669999","-9.6558333333329998","-8.447916666667","-7.6050000000000004","-7.25875","-6.849708333333"
"68","301",2016,"68",24,6642,2016-03-08,"-19.369583333329999","-19.619583333329999","-20.446666666670001","-21.50458333333","-19.040833333329999","-15.394583333330001","-11.1","-9.33","-8.100833333333","-7.5741666666669998","-7.0411250000000001"
"69","301",2016,"69",24,6643,2016-03-09,"-20.655833333330001","-21.024999999999999","-21.917083333330002","-23.12041666667","-20.654166666670001","-16.74916666667","-11.99291666667","-10.04416666667","-8.6416666666669997","-7.989583333333","-7.3274999999999997"
"70","301",2016,"70",24,6644,2016-03-10,"-19.770416666669998","-19.88541666667","-20.39958333333","-20.87041666667","-18.847083333330001","-15.796666666669999","-11.93458333333","-10.302916666670001","-9.0358333333330005","-8.3737499999999994","-7.6383333333329997"
"71","301",2016,"71",24,6645,2016-03-11,"-24.875416666669999","-25.103750000000002","-25.13","-23.252083333329999","-20.571666666670001","-16.975833333330002","-12.52041666667","-10.67666666667","-9.3162500000000001","-8.6391666666670002","-7.8795833333329997"
"72","301",2016,"72",24,6646,2016-03-12,"-22.783333333329999","-22.97","-22.51125","-19.25375","-17.46791666667","-15.193333333329999","-12.052916666670001","-10.68208333333","-9.5454166666670002","-8.8962500000000002","-8.1174999999999997"
"73","301",2016,"73",24,6647,2016-03-13,"-25.49","-25.638750000000002","-25.136666666669999","-19.563749999999999","-17.118749999999999","-14.7125","-11.7675","-10.526249999999999","-9.5304166666669996","-8.9812499999999993","-8.2558333333329994"
"74","301",2016,"74",24,6648,2016-03-14,"-25.71","-26.097083333330001","-25.80416666667","-21.072083333329999","-18.502500000000001","-15.627083333330001","-12.164166666670001","-10.726666666670001","-9.6329166666670005","-9.0625","-8.3574999999999999"
"75","301",2016,"75",24,6649,2016-03-15,"-26.50083333333","-26.708749999999998","-26.03416666667","-21.241250000000001","-18.746666666669999","-15.884583333329999","-12.37791666667","-10.914999999999999","-9.7866666666669992","-9.2012499999999999","-8.4762500000000003"
"76","301",2016,"76",24,6650,2016-03-16,"-26.193750000000001","-26.746666666669999","-24.812916666669999","-20.123750000000001","-18.00291666667","-15.523333333329999","-12.33708333333","-10.983750000000001","-9.9108333333330005","-9.3287499999999994","-8.5962499999999995"
"77","301",2016,"77",24,6651,2016-03-17,"-26.66375","-27.027916666669999","-25.518750000000001","-20.783750000000001","-18.421666666669999","-15.73291666667","-12.43208333333","-11.05416666667","-9.989583333333","-9.4183333333330008","-8.6962499999999991"
"78","301",2016,"78",24,6652,2016-03-18,"-28.14","-29.05125","-27.297499999999999","-21.53958333333","-18.924583333329998","-16.069583333330002","-12.62208333333","-11.186249999999999","-10.106249999999999","-9.5191666666669992","-8.7962500000000006"
"79","301",2016,"79",24,6653,2016-03-19,"-31.927916666670001","-32.483750000000001","-29.609166666669999","-23.446666666670001","-20.51416666667","-17.15333333333","-13.15375","-11.49375","-10.27875","-9.6470833333330006","-8.9033333333330003"
"80","301",2016,"80",24,6654,2016-03-20,"-23.56333333333","-23.605833333330001","-22.821249999999999","-20.427499999999998","-18.767499999999998","-16.3825","-13.075833333329999","-11.630833333329999","-10.4825","-9.833333333333","-9.052083333333"
"81","301",2016,"81",24,6655,2016-03-21,"-12.57204166667","-13.49025","-16.109166666669999","-16.335833333330001","-15.564166666669999","-14.26","-12.203333333330001","-11.268750000000001","-10.425416666669999","-9.8916666666669997","-9.1662499999999998"
"82","301",2016,"82",24,6656,2016-03-22,"-11.507333333329999","-12.151125","-13.94375","-14.292916666669999","-13.74166666667","-12.87958333333","-11.47333333333","-10.82","-10.199999999999999","-9.7966666666670008","-9.1616666666669992"
"83","301",2016,"83",24,6657,2016-03-23,"-8.6825416666669994","-9.3703749999999992","-10.988625000000001","-11.78833333333","-11.616250000000001","-11.34083333333","-10.67291666667","-10.32","-9.9149999999999991","-9.6312499999999996","-9.0916666666670007"
"84","301",2016,"84",24,6658,2016-03-24,"-10.517625000000001","-11.07175","-12.2935","-11.445","-10.89958333333","-10.602499999999999","-10.11583333333","-9.8725000000000005","-9.5950000000000006","-9.4045833333329991","-8.958333333333"
"85","301",2016,"85",24,6659,2016-03-25,"-9.2363333333330004","-9.585208333333","-10.38191666667","-10.912083333329999","-10.713749999999999","-10.48","-9.930416666667","-9.6470833333330006","-9.3725000000000005","-9.2095833333330006","-8.8112499999999994"
"86","301",2016,"86",24,6660,2016-03-26,"-14.08045833333","-14.196999999999999","-13.39733333333","-10.466666666669999","-9.7754166666670006","-9.6254166666670002","-9.4087499999999995","-9.2908333333329995","-9.1283333333329999","-9.0233333333329995","-8.6791666666669993"
"87","301",2016,"87",24,6661,2016-03-27,"-20.555416666669998","-20.764583333329998","-18.80875","-14.47875","-12.87125","-11.55166666667","-10.050416666669999","-9.4275000000000002","-9.0150000000000006","-8.8574999999999999","-8.5333333333329993"
"88","301",2016,"88",24,6662,2016-03-28,"-21.623333333329999","-22.369166666670001","-20.326250000000002","-16.33708333333","-14.515416666669999","-12.744999999999999","-10.64166666667","-9.7662499999999994","-9.1441666666669992","-8.8925000000000001","-8.4912500000000009"
"89","301",2016,"89",24,6663,2016-03-29,"-23.961666666669998","-24.779583333329999","-23.376249999999999","-18.960833333330001","-16.689166666670001","-14.23708333333","-11.362916666669999","-10.1775","-9.3487500000000008","-8.9887499999999996","-8.5304166666669996"
"90","301",2016,"90",24,6664,2016-03-30,"-18.71875","-19.635000000000002","-20.017916666670001","-17.657916666670001","-16.146666666670001","-14.195416666670001","-11.59708333333","-10.472916666670001","-9.6070833333329997","-9.1745833333330005","-8.6370833333330008"
"91","301",2016,"91",24,6665,2016-03-31,"-23.55","-24.204166666670002","-23.2775","-19.16083333333","-17.016249999999999","-14.63333333333","-11.790833333329999","-10.60291666667","-9.7320833333329997","-9.2995833333330005","-8.7437500000000004"
"92","301",2016,"92",24,6666,2016-04-01,"-22.696249999999999","-22.9575","-20.321666666670001","-17.305","-15.85208333333","-14.095833333330001","-11.73958333333","-10.69416666667","-9.867916666667","-9.43","-8.8491666666669992"
"93","301",2016,"93",24,6667,2016-04-02,"-21.946666666670001","-22.05583333333","-18.810833333329999","-16.64","-15.314166666669999","-13.70833333333","-11.55916666667","-10.62583333333","-9.8841666666669994","-9.4795833333330002","-8.9250000000000007"
"94","301",2016,"94",24,6668,2016-04-03,"-11.555708333329999","-11.897125000000001","-12.77291666667","-13.37166666667","-13.04791666667","-12.33333333333","-11.03208333333","-10.407916666669999","-9.8283333333329992","-9.48","-8.9487500000000004"
"95","301",2016,"95",24,6669,2016-04-04,"-6.2530416666670003","-7.1762083333330002","-8.5134583333330003","-9.4391666666670009","-9.6820833333330008","-9.9649999999999999","-9.913333333333","-9.8058333333330001","-9.5645833333329993","-9.3654166666670005","-8.927083333333"
"96","301",2016,"96",24,6670,2016-04-05,"-7.5484999999999998","-8.5303749999999994","-9.801708333333","-9.5183333333330005","-9.3191666666669999","-9.4095833333329999","-9.3754166666670002","-9.3233333333330002","-9.2066666666669992","-9.1216666666670001","-8.7850000000000001"
"97","301",2016,"97",24,6671,2016-04-06,"-5.813041666667","-6.845416666667","-8.6460416666669992","-8.9266666666669998","-8.9087499999999995","-9.0912500000000005","-9.100833333333","-9.0608333333329991","-8.9649999999999999","-8.9116666666669992","-8.6349999999999998"
"98","301",2016,"98",24,6672,2016-04-07,"-7.7377083333329999","-8.728041666667","-9.6860416666670002","-9.0683333333329994","-8.8283333333329992","-8.9054166666669996","-8.8695833333330008","-8.8291666666669997","-8.7541666666670004","-8.7274999999999991","-8.4858333333329998"
"99","301",2016,"99",24,6673,2016-04-08,"-9.7499583333329998","-10.952","-11.29541666667","-10.18291666667","-9.6129166666669992","-9.3245833333330008","-8.9250000000000007","-8.7483333333329991","-8.6116666666670003","-8.5820833333329993","-8.3533333333329995"
"100","301",2016,"100",24,6674,2016-04-09,"-4.8369583333330004","-5.3593333333329998","-7.0988749999999996","-7.8639999999999999","-8.1245833333329998","-8.4883333333329993","-8.6174999999999997","-8.6079166666670002","-8.5204166666669998","-8.4862500000000001","-8.2566666666669999"
"101","301",2016,"101",24,6675,2016-04-10,"0.45820833333330002","-4.9208333333000003E-2","-1.973583333333","-4.4143333333330004","-5.4967916666669998","-6.6717083333330001","-7.8235833333329996","-8.2137499999999992","-8.2995833333330005","-8.3345833333330006","-8.1529166666670001"
"102","301",2016,"102",24,6676,2016-04-11,"1.3070416666667","0.77816666666669998","5.6625000000000002E-2","-1.1715833333329999","-2.131416666667","-3.979625","-6.3866250000000004","-7.3791666666670004","-7.8949999999999996","-8.0895833333329996","-7.9966666666670001"
"103","301",2016,"103",24,6677,2016-04-12,"-1.464333333333","-2.1739999999999999","-2.040166666667","-2.4886249999999999","-3.092916666667","-4.5234166666669999","-6.2380833333329999","-6.9898749999999996","-7.4883333333330002","-7.7554166666670001","-7.7633333333329997"
"104","301",2016,"104",24,6678,2016-04-13,"-8.2795416666670008","-10.72429166667","-11.651166666669999","-9.9317499999999992","-7.7567500000000003","-7.141916666667","-7.001291666667","-7.0562083333330001","-7.2595833333330004","-7.4812500000000002","-7.5216666666669996"
"105","301",2016,"105",24,6679,2016-04-14,"-7.6504166666669997","-9.4260416666670004","-9.1671666666670006","-8.8225833333330002","-8.2683333333330005","-7.9345833333330003","-7.5008333333330004","-7.3287500000000003","-7.2841666666669997","-7.3833333333329998","-7.3720833333330003"
"106","301",2016,"106",24,6680,2016-04-15,"-17.022083333329999","-17.517499999999998","-12.83291666667","-10.262083333330001","-9.1820833333330008","-8.5133333333329997","-7.7654166666669999","-7.4658333333330003","-7.3208333333329998","-7.3562500000000002","-7.3004166666670001"
"107","301",2016,"107",24,6681,2016-04-16,"-18.877500000000001","-19.35416666667","-15.710833333329999","-13.13","-11.72166666667","-10.373749999999999","-8.6991666666670007","-7.9829166666670002","-7.5445833333329997","-7.4533333333330001","-7.3025000000000002"
"108","301",2016,"108",24,6682,2016-04-17,"-14.30320833333","-15.75795833333","-14.042916666669999","-12.776249999999999","-11.8025","-10.69125","-9.0979166666670004","-8.3712499999999999","-7.8433333333329998","-7.65625","-7.4016666666670003"
"109","301",2016,"109",24,6683,2016-04-18,"-12.953291666669999","-14.837125","-13.56625","-12.435416666669999","-11.557499999999999","-10.588749999999999","-9.1683333333330008","-8.5229166666669993","-8.0170833333329998","-7.8204166666669996","-7.5170833333329998"
"110","301",2016,"110",24,6684,2016-04-19,"-4.319375","-6.676708333333","-8.9848750000000006","-9.9115833333330006","-9.8829166666670005","-9.6333333333330007","-8.8870833333330008","-8.4837500000000006","-8.1116666666670003","-7.9195833333329997","-7.6154166666669996"
"111","301",2016,"111",24,6685,2016-04-20,"-2.1698750000000002","-4.2164999999999999","-6.0103749999999998","-6.9103333333329999","-7.197541666667","-7.6611250000000002","-7.9529166666669999","-8.0237499999999997","-7.9491666666669998","-7.8929166666670003","-7.64"
"112","301",2016,"112",24,6686,2016-04-21,"-2.2140416666670002","-2.7047500000000002","-4.1921666666670001","-4.8638750000000002","-5.4187500000000002","-6.3247499999999999","-7.227875","-7.5612500000000002","-7.6849999999999996","-7.7329166666670002","-7.5637499999999998"
"113","301",2016,"113",24,6687,2016-04-22,"-0.31374999999999997","-1.1970416666670001","-3.7217916666669999","-4.3197083333329998","-4.6594166666670001","-5.5235416666669996","-6.5972083333329996","-7.061583333333","-7.3487499999999999","-7.5020833333330001","-7.4258333333330002"
"114","301",2016,"114",24,6688,2016-04-23,"-2.042333333333","-3.4412083333329999","-5.3095833333330003","-5.4916666666670002","-5.4437916666669999","-5.9363333333329997","-6.5816249999999998","-6.8806250000000002","-7.1012500000000003","-7.2783333333330003","-7.2491666666669996"
"115","301",2016,"115",24,6689,2016-04-24,"-2.853416666667","-4.6866666666669996","-6.7830000000000004","-6.5295416666669999","-6.3287500000000003","-6.5251250000000001","-6.770458333333","-6.8890000000000002","-6.9949166666669997","-7.14","-7.1158333333329997"
"116","301",2016,"116",24,6690,2016-04-25,"-6.6650416666670003","-7.9029583333330002","-9.60975","-7.7722499999999997","-7.0474583333330001","-6.9397916666670003","-6.9152083333330001","-6.9240416666669997","-6.9630416666670003","-7.0591666666670001","-7.0198333333329996"
"117","301",2016,"117",24,6691,2016-04-26,"-1.280916666667","-3.1661250000000001","-5.4065833333329998","-6.6468333333330003","-6.8552499999999998","-7.046333333333","-7.0427916666670001","-7.0101666666669997","-6.9704583333330001","-7.0358333333329997","-6.9684583333330004"
"118","301",2016,"118",24,6692,2016-04-27,"-2.5708333333329998","-4.2096666666670002","-5.5189166666669998","-5.5112500000000004","-5.5847916666669999","-6.0505833333329999","-6.5567083333329998","-6.765083333333","-6.8750416666670002","-6.9879583333330002","-6.9259166666669998"
"119","301",2016,"119",24,6693,2016-04-28,"-5.8194999999999997","-7.1367916666670004","-7.8134583333330001","-6.6328333333330001","-6.2800416666669996","-6.3946249999999996","-6.5808333333329996","-6.6805416666669997","-6.764708333333","-6.8852083333329999","-6.852291666667"
"120","301",2016,"120",24,6694,2016-04-29,"-0.84633333333299998","-2.9434166666669999","-4.673916666667","-5.7865000000000002","-6.1539999999999999","-6.5039583333330002","-6.6762916666669998","-6.7210000000000001","-6.7382083333329996","-6.827","-6.7820833333330004"
"121","301",2016,"121",24,6695,2016-04-30,"2.6444166666667002","1.4290416666667001","-0.55870833333299996","-1.9937916666669999","-2.541958333333","-3.4140833333330001","-4.2858333333329997","-5.3391250000000001","-6.3358749999999997","-6.7057500000000001","-6.7320000000000002"
"122","301",2016,"122",24,6696,2016-05-01,"-2.7134166666669999","-3.5274999999999999","-3.5924166666669999","-1.4604999999999999","-0.72712500000000002","-1.38175","-2.8063750000000001","-3.9257499999999999","-5.6180416666669997","-6.2978333333330001","-6.522333333333"
"123","301",2016,"123",24,6697,2016-05-02,"-2.3002916666669999","-3.453666666667","-4.8222916666669997","-3.5493749999999999","-3.1446666666669998","-3.82","-4.8295416666669997","-5.1666249999999998","-5.7131249999999998","-6.1050833333329999","-6.303375"
"124","301",2016,"124",24,6698,2016-05-03,"-3.907","-5.0606249999999999","-5.9258333333330002","-4.5188750000000004","-4.198291666667","-4.5958750000000004","-5.1906666666670001","-5.3905000000000003","-5.7266250000000003","-6.0209166666670004","-6.1719999999999997"
"125","301",2016,"125",24,6699,2016-05-04,"-3.8319166666669999","-5.1470000000000002","-6.4963749999999996","-4.9829166666670002","-4.6371250000000002","-4.935083333333","-5.3642500000000002","-5.499625","-5.7394999999999996","-5.9820000000000002","-6.0937916666670002"
"126","301",2016,"126",24,6700,2016-05-05,"-0.14649999999999999","-1.6915833333329999","-3.2147916666669998","-2.9695416666669998","-3.2566250000000001","-4.0847916666669999","-5.1349166666670003","-5.4033333333330003","-5.7169166666670002","-5.9477916666670003","-6.0302499999999997"
"127","301",2016,"127",24,6701,2016-05-06,"-3.9749166666670002","-5.0964583333329996","-6.3330416666670004","-4.6941249999999997","-3.6279166666670002","-3.9961250000000001","-4.8563333333329997","-5.139708333333","-5.5450416666670002","-5.8310416666669997","-5.9491250000000004"
"128","301",2016,"128",24,6702,2016-05-07,"-2.8837916666669998","-4.6058750000000002","-5.9599583333329997","-4.875541666667","-4.6585833333329996","-4.8654166666669996","-5.1849583333330003","-5.2963750000000003","-5.4989166666670002","-5.7313333333329997","-5.8490833333329997"
"129","301",2016,"129",24,6703,2016-05-08,"3.8559166666667002","2.0319583333333","0.2965833333333","-1.679875","-2.3958750000000002","-2.889875","-3.9781249999999999","-4.8062500000000004","-5.4213750000000003","-5.6915416666669998","-5.7961666666670002"
"130","301",2016,"130",24,6704,2016-05-09,"4.5672083333332996","3.2598333333333001","2.3130416666667002","0.76412500000000005","6.67916666667E-2","-0.78666666666700003","-2.2903333333329998","-3.5224583333330002","-4.9140416666669999","-5.4489583333329996","-5.6684999999999999"
"131","301",2016,"131",24,6705,2016-05-10,"5.4629583333333001","4.8675833333333003","4.1795","2.6505833333333002","1.0102916666666999","-6.7041666666999997E-2","-0.73908333333300003","-1.6723333333329999","-3.7814583333330001","-4.8482500000000002","-5.3611666666669997"
"132","301",2016,"132",24,6706,2016-05-11,"6.2713333333332999","5.7558749999999996","5.3313333333333004","4.8269583333332999","3.4445416666667001","0.75458333333329997","-0.24470833333299999","-0.58429166666700005","-1.5286249999999999","-2.6012083333330001","-4.5662500000000001"
"133","301",2016,"133",24,6707,2016-05-12,"7.3967916666667","6.9915833333333","6.8875000000000002","6.8181666666667002","7.0810416666667004","5.8167499999999999","0.31891666666669999","-0.31787500000000002","-0.53416666666699997","-1.936333333333","-3.5539166666669999"
"134","301",2016,"134",24,6708,2016-05-13,"5.8974166666667003","5.7130416666667001","5.7244999999999999","5.8008333333333004","6.2373750000000001","5.9532499999999997","1.8517916666667","-0.30408333333300003","-0.96716666666700002","-1.9272499999999999","-3.1445833333330002"
"135","301",2016,"135",24,6709,2016-05-14,"1.4657500000000001","1.377","1.384125","1.4771666666667","1.9695833333332999","2.5272916666667","1.4141666666667001","-0.34320833333299999","-1.125791666667","-1.907375","-2.9155000000000002"
"136","301",2016,"136",24,6710,2016-05-15,"-2.6309166666669999","-2.6294583333329999","-2.6275416666670002","-2.4987499999999998","-1.9682916666670001","-1.2709583333329999","-0.17404166666699999","-0.39904166666699997","-1.1919583333329999","-1.876166666667","-2.7539583333330002"
"137","301",2016,"137",24,6711,2016-05-16,"-3.502333333333","-3.5125833333330001","-3.4970833333329998","-3.360208333333","-2.73","-1.550083333333","-0.22162499999999999","-0.438","-1.2073333333330001","-1.832666666667","-2.629541666667"
"138","301",2016,"138",24,6712,2016-05-17,"-2.3936666666669999","-2.5063749999999998","-2.4269166666670001","-2.2072083333329999","-1.2640833333329999","5.0750000000000003E-2","0.519625","-0.46387499999999998","-1.2085416666669999","-1.796833333333","-2.530416666667"
"139","301",2016,"139",24,6713,2016-05-18,"4.0043749999999996","3.926625","3.8551666666667002","4.0890833333333001","5.2087500000000002","5.4922500000000003","2.2772083333333","-0.465291666667","-1.2509999999999999","-1.78725","-2.4607083333330002"
"140","301",2016,"140",24,6714,2016-05-19,"8.2914999999999992","8.0920833333332993","8.0444999999999993","8.2525833333333001","9.3828333333333003","9.3855416666667004","4.0867500000000003","-0.41662500000000002","-1.2225416666669999","-1.764833333333","-2.4056666666669999"
"141","301",2016,"141",24,6715,2016-05-20,"9.1889583333333","9.0575833333332998","8.9920000000000009","9.1470416666667003","10.001833333333","9.5624166666666994","4.8585416666667003","-0.34629166666700001","-1.1792916666669999","-1.716208333333","-2.3451666666670001"
"142","301",2016,"142",24,6716,2016-05-21,"9.1132916666667008","8.9078333333333006","8.8595416666667006","8.9335416666667005","9.3207500000000003","8.9852083333333006","5.2480000000000002","-0.25741666666700003","-1.125875","-1.6661666666670001","-2.2738749999999999"
"143","301",2016,"143",24,6717,2016-05-22,"4.8178333333332999","4.8310833333333001","4.8497916666667003","4.913875","5.3619583333333001","5.6072499999999996","4.1682499999999996","-0.149583333333","-1.0571666666670001","-1.597","-2.2027916666670002"
"144","301",2016,"144",24,6718,2016-05-23,"6.2621666666667002","6.1250833333332997","6.141","6.2643333333333002","7.0480416666667001","7.5590833333332998","4.8195833333333002","-7.8333333330000005E-3","-1.0077916666669999","-1.5411250000000001","-2.1367083333329999"
"145","301",2016,"145",24,6719,2016-05-24,"3.7518750000000001","3.6622083333333002","3.6348333333333001","3.7329583333333001","4.4175833333333001","4.6170833333332997","2.7099166666666998","-8.4166666670000001E-3","-0.96170833333299999","-1.4813333333330001","-2.0644166666669999"
"146","301",2016,"146",24,6720,2016-05-25,"2.27725","2.1652916666666999","2.1148750000000001","2.1560416666667002","2.5334166666667","2.2403333333333002","1.2857499999999999","-9.0541666667000004E-2","-0.92574999999999996","-1.433916666667","-2.005666666667"
"147","301",2016,"147",24,6721,2016-05-26,"7.4601249999999997","7.3019999999999996","7.2807500000000003","7.4327916666667004","8.2135416666666998","7.9672916666667","4.5558750000000003","0.13495833333330001","-0.90812499999999996","-1.3949166666670001","-1.9530000000000001"
"148","301",2016,"148",24,6722,2016-05-27,"5.9452916666666997","5.7287499999999998","5.7557916666666999","5.8858750000000004","6.4955833333333004","7.0757083333333002","4.9122083333333002","0.34775","-0.87316666666700005","-1.36225","-1.907166666667"
"149","301",2016,"149",24,6723,2016-05-28,"8.7220416666666996","8.6483333333332997","8.6654999999999998","8.8087916666666999","9.9392916666666995","11.087249999999999","6.9576250000000002","0.86120833333330005","-0.84729166666699995","-1.329375","-1.8628750000000001"
"150","301",2016,"150",24,6724,2016-05-29,"9.9892083333333002","9.6938750000000002","9.6992916666666993","9.8362916666666997","10.867958333333","11.042541666667001","6.4899583333333002","1.0674166666667","-0.81929166666700004","-1.2983750000000001","-1.8204166666670001"
"151","301",2016,"151",24,6725,2016-05-30,"14.055583333333001","13.952541666667001","13.858916666667","14.025083333333001","15.000624999999999","14.534916666667","8.9527916666667","1.727125","-0.79862500000000003","-1.265958333333","-1.7826249999999999"
"152","301",2016,"152",24,6726,2016-05-31,"10.762833333333001","10.592583333333","10.611000000000001","10.711208333332999","11.502916666667","11.371375","7.6829166666667001","1.945125","-0.76075000000000004","-1.2321249999999999","-1.73875"
"153","301",2016,"153",24,6727,2016-06-01,"-1.3334999999999999","-1.4027916666669999","-1.3635416666669999","-1.2322916666670001","-0.66287499999999999","0.17274999999999999","1.2469583333333001","0.59225000000000005","-0.72116666666700002","-1.193833333333","-1.6890416666670001"
"154","301",2016,"154",24,6728,2016-06-02,"-2.0873750000000002","-2.1752083333329999","-2.109916666667","-1.9536249999999999","-1.2767916666670001","-0.37162499999999998","0.64524999999999999","0.15279166666669999","-0.70595833333299995","-1.168958333333","-1.653166666667"
"155","301",2016,"155",24,6729,2016-06-03,"2.0824166666666999","1.9474166666667001","1.994375","2.2439166666667001","3.6977916666667001","5.6187083333333003","3.852875","0.83933333333329996","-0.71062499999999995","-1.1416249999999999","-1.623708333333"
"156","301",2016,"156",24,6730,2016-06-04,"6.4963333333333004","6.2865000000000002","6.2254583333333002","6.2965416666667","6.6638333333333","6.0625416666667","4.2521250000000004","1.0487500000000001","-0.69620833333300003","-1.140583333333","-1.602583333333"
"157","301",2016,"157",24,6731,2016-06-05,"0.23670833333329999","0.15254166666669999","0.14554166666669999","0.1247916666667","0.50662499999999999","0.42320833333329999","0.37720833333330001","0.26220833333330001","-0.67258333333300002","-1.097","-1.563666666667"
"158","301",2016,"158",24,6732,2016-06-06,"2.1910833333333","1.3934166666667001","1.2728333333333","1.3442916666667","2.6829583333332998","3.1178750000000002","0.14433333333330001","-0.15295833333299999","-0.67249999999999999","-1.0954999999999999","-1.5387500000000001"
"159","301",2016,"159",24,6733,2016-06-07,"3.2458749999999998","3.1699583333332999","3.1108333333333","3.1427083333332999","3.3840833333333","3.0643333333333","1.9506250000000001","0.18816666666670001","-0.67137500000000006","-1.069416666667","-1.5211666666670001"
"160","301",2016,"160",24,6734,2016-06-08,"-0.965791666667","-1.4172916666669999","-1.3011666666670001","-1.333208333333","-0.13958333333299999","-0.41233333333299999","-0.199666666667","-0.13412499999999999","-0.63670833333300003","-1.0549999999999999","-1.4830000000000001"
"161","301",2016,"161",24,6735,2016-06-09,"0.40066666666669998","7.9583333333000002E-3","-4.5583333332999999E-2","-0.113208333333","0.40433333333330002","-0.61212500000000003","-0.56591666666700002","-0.16512499999999999","-0.63124999999999998","-1.0446249999999999","-1.4670416666670001"
"162","301",2016,"162",24,6736,2016-06-10,"3.4234166666667001","2.3494999999999999","2.1975833333332999","2.1723333333333001","3.0409999999999999","1.1770416666667001","-5.8541666667000003E-2","-0.167166666667","-0.63512500000000005","-1.019208333333","-1.447166666667"
"163","301",2016,"163",24,6737,2016-06-11,"12.424250000000001","11.86125","11.739791666666999","11.780791666667","12.885916666667001","12.609416666667","5.9836666666667","0.49287500000000001","-0.64541666666700004","-1.029666666667","-1.4329166666669999"
"164","301",2016,"164",24,6738,2016-06-12,"13.501125","13.470499999999999","13.475833333333","13.534333333333","14.263541666667001","14.048083333333","9.0731249999999992","1.5770833333333001","-0.64383333333299997","-1.024125","-1.42225"
"165","301",2016,"165",24,6739,2016-06-13,"4.5907499999999999","4.5674583333332999","4.5033333333333001","4.5600833333333002","4.8277916666667","4.7583333333333","3.8868333333332998","0.82791666666670005","-0.60204166666699999","-0.98604166666699999","-1.383875"
"166","301",2016,"166",24,6740,2016-06-14,"7.1026666666666998","6.8910416666667","6.899","7.0866249999999997","8.3534583333333003","9.6653333333332991","6.5689583333332999","1.3651249999999999","-0.60195833333299997","-0.98599999999999999","-1.3747499999999999"
"167","301",2016,"167",24,6741,2016-06-15,"5.6142916666667002","5.6290416666666996","5.5875000000000004","5.6180416666667004","5.8375833333333","5.6052499999999998","4.6327916666666997","1.2844166666667001","-0.58141666666699998","-0.96487500000000004","-1.351416666667"
"168","301",2016,"168",24,6742,2016-06-16,"10.342416666667001","10.263249999999999","10.282708333333","10.448583333333","11.830500000000001","13.070166666666999","8.6259166666667006","2.1839166666667","-0.56858333333300004","-0.95245833333300001","-1.3402916666669999"
"169","301",2016,"169",24,6743,2016-06-17,"17.993874999999999","17.606249999999999","17.557958333333001","17.726333333332999","18.702916666667001","18.021249999999998","11.264916666667","3.1603750000000002","-0.57025000000000003","-0.957125","-1.3302916666669999"
"170","301",2016,"170",24,6744,2016-06-18,"14.358333333333","14.269583333332999","14.202916666667001","14.256666666667","14.754583333333001","14.421250000000001","10.884583333333","3.7454583333332998","-0.53616666666699997","-0.92216666666699998","-1.3069583333329999"
"171","301",2016,"171",24,6745,2016-06-19,"11.189708333333","11.057124999999999","11.002833333332999","10.995208333333","11.300333333333","10.885624999999999","8.2825416666667007","3.0539583333332998","-0.51479166666700005","-0.91474999999999995","-1.2944166666670001"
"172","301",2016,"172",24,6746,2016-06-20,"9.6979166666666998","9.7379166666667007","9.7183333333333","9.7695833333332995","10.182916666666999","9.9550000000000001","8.3196250000000003","3.1859166666666998","-0.49399999999999999","-0.89579166666700005","-1.2639166666670001"
"173","301",2016,"173",24,6747,2016-06-21,"2.6746249999999998","2.4751249999999998","2.6317499999999998","2.8737499999999998","2.8260416666667001","1.8983333333332999","1.8350416666667","1.2390000000000001","-0.45816666666700001","-0.86566666666699998","-1.252"
"174","301",2016,"174",24,6748,2016-06-22,"6.1114583333333004","5.5140416666667003","5.2222499999999998","5.1736250000000004","5.8672916666667003","4.9786666666667001","1.7419166666667001","0.25724999999999998","-0.445666666667","-0.86287499999999995","-1.2192499999999999"
"175","301",2016,"175",24,6749,2016-06-23,"17.003916666666999","16.707374999999999","16.630958333333002","16.810833333333001","17.998208333333","17.818333333333001","10.893166666667","3.1724583333332999","-0.45924999999999999","-0.84133333333299998","-1.2282083333330001"
"176","301",2016,"176",24,6750,2016-06-24,"18.467916666667001","18.135833333333","18.093333333333","18.215","19.190416666667002","18.558250000000001","12.105124999999999","4.3235416666667001","-0.45433333333300002","-0.84337499999999999","-1.2035833333329999"
"177","301",2016,"177",24,6751,2016-06-25,"13.937791666667","13.835666666667001","13.823083333333001","13.916","14.983208333333","15.462291666666999","11.237375","4.3302083333333004","-0.42012500000000003","-0.83137499999999998","-1.1881666666670001"
"178","301",2016,"178",24,6752,2016-06-26,"14.304083333333001","14.245041666666999","14.177708333332999","14.223958333333","14.541166666666999","13.671374999999999","10.529125000000001","4.5744166666666999","-0.41004166666699998","-0.80366666666700004","-1.1777500000000001"
"179","301",2016,"179",24,6753,2016-06-27,"7.1388749999999996","6.9015000000000004","6.8892499999999997","6.9843333333333","7.7096666666667","7.8126249999999997","6.4212499999999997","2.6621250000000001","-0.37508333333299998","-0.79508333333299996","-1.1420833333330001"
"180","301",2016,"180",24,6754,2016-06-28,"15.229625","15.107958333333","14.999416666667001","15.127625","15.698791666667001","14.532291666667","10.057499999999999","3.44625","-0.37583333333300001","-0.77512499999999995","-1.149333333333"
"181","301",2016,"181",24,6755,2016-06-29,"15.418749999999999","15.163333333333","15.134166666666999","15.189166666667001","15.803750000000001","15.446666666666999","11.510833333333","4.9113749999999996","-0.346708333333","-0.76658333333299999","-1.1183333333329999"
"182","301",2016,"182",24,6756,2016-06-30,"17.053750000000001","16.751541666666999","16.687333333333001","16.805583333333001","17.872166666666999","17.716374999999999","12.370791666666999","5.2342083333333003","-0.33054166666700002","-0.76300000000000001","-1.1120000000000001"
"183","301",2016,"183",24,6757,2016-07-01,"18.032083333332999","17.744166666666999","17.695833333332999","17.777083333333","18.679166666667001","17.889166666666998","12.672541666667","5.6535416666667002","-0.30791666666700002","-0.728708333333","-1.096875"
"184","301",2016,"184",24,6758,2016-07-02,"17.58625","17.172083333332999","17.117791666666999","17.203833333333002","18.064250000000001","17.307958333333001","12.398208333333001","5.7735416666667003","-0.27083333333300003","-0.72754166666700004","-1.0743750000000001"
"185","301",2016,"185",24,6759,2016-07-03,"16.646666666666999","16.377208333333002","16.293541666667","16.346250000000001","17.226833333333001","17.248249999999999","12.836833333333001","6.0676666666666996","-0.25762499999999999","-0.70187500000000003","-1.071208333333"
"186","301",2016,"186",24,6760,2016-07-04,"15.952500000000001","15.71875","15.6625","15.698333333333","16.105833333332999","15.631666666667","12.55875","6.4509166666666999","-0.23320833333300001","-0.69033333333299995","-1.036916666667"
"187","301",2016,"187",24,6761,2016-07-05,"14.709583333333001","14.457916666667","14.435","14.5175","15.297916666667","15.348333333333001","12.150416666667001","6.0717499999999998","-0.204625","-0.67941666666699996","-1.03525"
"188","301",2016,"188",24,6762,2016-07-06,"16.247916666666999","15.835000000000001","15.763333333333","15.873749999999999","16.366250000000001","15.363375","11.884","6.0833750000000002","-0.19529166666700001","-0.65137500000000004","-1.0114583333330001"
"189","301",2016,"189",24,6763,2016-07-07,"13.279583333332999","13.201666666667","13.161250000000001","13.182916666666999","13.60375","13.403333333333","11.762083333333001","6.5971666666667002","-0.16629166666699999","-0.64854166666699997","-0.99441666666700002"
"190","301",2016,"190",24,6764,2016-07-08,"13.59","13.573333333333","13.53","13.599166666666999","14.34375","14.377083333332999","11.926666666667","6.4303749999999997","-0.17129166666699999","-0.61662499999999998","-0.984375"
"191","301",2016,"191",24,6765,2016-07-09,"14.156583333333","14.012499999999999","13.930916666667001","13.977958333333","14.463583333333","14.256333333333","11.683875","6.0241666666666998","-0.14620833333300001","-0.610375","-0.956125"
"192","301",2016,"192",24,6766,2016-07-10,"15.522916666666999","15.337916666667001","15.285","15.378333333333","16.010416666666998","15.446791666667","12.571999999999999","6.7000833333332999","-0.10299999999999999","-0.59558333333299995","-0.95420833333300004"
"193","301",2016,"193",24,6767,2016-07-11,"13.785833333333001","13.462916666667001","13.432499999999999","13.54","14.492916666667","14.694166666667","11.944166666667","5.5929583333332999","-8.7666666667000001E-2","-0.57241666666699997","-0.91770833333299995"
"194","301",2016,"194",24,6768,2016-07-12,"18.072500000000002","17.802916666666999","17.746666666667","17.816875","18.792458333332998","18.763583333332999","14.209875","6.1436250000000001","-1.5083333333E-2","-0.55720833333300002","-0.918875"
"195","301",2016,"195",24,6769,2016-07-13,"21.665416666666999","21.345416666666999","21.245000000000001","21.317499999999999","22.076666666666998","21.201666666666998","16.265000000000001","7.8962916666667002","0.13841666666669999","-0.54049999999999998","-0.88645833333299995"
"196","301",2016,"196",24,6770,2016-07-14,"22.486666666666999","22.172083333332999","22.063749999999999","22.105833333332999","22.849166666666999","21.945833333332999","17.289166666667001","8.8018750000000008","0.28270833333329998","-0.51604166666700002","-0.88258333333299999"
"197","301",2016,"197",24,6771,2016-07-15,"16.019666666667","15.980791666667001","15.892208333333","15.934875","16.34225","15.519791666667","13.475291666666999","8.0142500000000005","0.46766666666669998","-0.49099999999999999","-0.84199999999999997"
"198","301",2016,"198",24,6772,2016-07-16,"10.706166666667","10.469291666667001","10.448208333333","10.532125000000001","11.066833333332999","10.399291666667001","9.0894999999999992","5.5304166666667003","0.40470833333329997","-0.45358333333299999","-0.82058333333300004"
"199","301",2016,"199",24,6773,2016-07-17,"8.1045416666666998","8.1009166666667003","8.0547916666667003","8.0588750000000005","8.3124166666666994","8.0569583333333004","7.5671249999999999","4.9183750000000002","0.31612499999999999","-0.418875","-0.79562500000000003"
"200","301",2016,"200",24,6774,2016-07-18,"5.5270000000000001","5.5958750000000004","5.5751249999999999","5.6112916666667001","5.9857083333333003","5.7133750000000001","5.2386249999999999","2.9741666666666999","1.93333333333E-2","-0.39158333333299999","-0.75849999999999995"
"201","301",2016,"201",24,6775,2016-07-19,"3.3446666666667002","3.4168333333333001","3.3889999999999998","3.4247916666667","3.7122083333333","3.5145833333333001","3.3168333333333","1.5318750000000001","-5.6500000000000002E-2","-0.37075000000000002","-0.73629166666699997"
"202","301",2016,"202",24,6776,2016-07-20,"6.2653749999999997","6.2726666666666997","6.2329999999999997","6.3084583333333004","7.1349583333332998","7.8383750000000001","6.2521250000000004","2.061375","-6.7833333332999998E-2","-0.337291666667","-0.71520833333300005"
"203","301",2016,"203",24,6777,2016-07-21,"10.205875000000001","9.9489999999999998","9.8458333333332995","9.8890833333332999","10.715249999999999","10.445166666666999","7.4982083333332996","2.7472083333333002","-1.6791666667000001E-2","-0.33741666666699999","-0.68095833333300004"
"204","301",2016,"204",24,6778,2016-07-22,"9.3222916666667004","9.0082916666667003","8.9164583333332992","8.9622499999999992","9.8952916666667008","9.9556666666666995","7.2597500000000004","2.9912083333332999","7.9375000000000001E-2","-0.31579166666699998","-0.65966666666700002"
"205","301",2016,"205",24,6779,2016-07-23,"8.6476666666666997","8.2759999999999998","8.2130833333332998","8.2759999999999998","9.2049583333333","8.7929166666667005","6.6644583333333003","3.1905000000000001","0.19108333333329999","-0.29770833333300001","-0.64045833333299995"
"206","301",2016,"206",24,6780,2016-07-24,"10.730541666666999","10.471416666667","10.400458333333001","10.476708333333001","11.34525","11.06","8.4717916666667001","4.0799166666667004","0.34658333333329999","-0.301041666667","-0.618333333333"
"207","301",2016,"207",24,6781,2016-07-25,"12.162000000000001","11.898958333333001","11.783458333333","11.833375","12.687541666667","12.52","9.5815833333333007","4.9616666666666998","0.54949999999999999","-0.30295833333299999","-0.60716666666700003"
"208","301",2016,"208",24,6782,2016-07-26,"13.052166666667","12.822791666666999","12.734583333332999","12.746333333333","13.160375","12.935499999999999","10.805999999999999","5.6534583333333002","0.72824999999999995","-0.28558333333300001","-0.59791666666700005"
"209","301",2016,"209",24,6783,2016-07-27,"12.777166666667","12.737625","12.631416666667","12.633875","12.957583333333","12.65475","11.028416666667001","6.2492083333332999","0.91737500000000005","-0.26766666666700001","-0.57170833333299997"
"210","301",2016,"210",24,6784,2016-07-28,"9.9886666666667008","9.9531666666667","9.8933333333333007","9.8927083333332995","10.118041666667001","9.8807916666667008","9.2059166666667007","6.0446249999999999","1.0772916666667001","-0.25374999999999998","-0.56879166666699998"
"211","301",2016,"211",24,6785,2016-07-29,"5.5990833333332999","5.4785416666667004","5.4165833333332998","5.4824166666667002","6.0033750000000001","6.1459166666667002","5.7240833333332999","4.1244166666666997","0.87920833333329995","-0.22162499999999999","-0.54112499999999997"
"212","301",2016,"212",24,6786,2016-07-30,"5.6677083333332998","5.7130416666667001","5.6964583333333003","5.7406666666666997","6.2290416666667001","6.1591666666667004","5.8310416666667004","3.605","0.63620833333329996","-0.19125","-0.52616666666699996"
"213","301",2016,"213",24,6787,2016-07-31,"6.9487500000000004","7.0235000000000003","6.9956666666666996","7.1273749999999998","7.96","8.1002500000000008","6.6704583333332996","3.4937083333332999","0.58604166666669999","-0.15066666666699999","-0.51716666666699995"
"214","301",2016,"214",24,6788,2016-08-01,"13.517458333333","13.565166666667","13.489166666667","13.578749999999999","14.265041666667001","13.633166666667","10.729458333333","4.8477083333333004","0.69104166666669997","-8.5583333333E-2","-0.49495833333299999"
"215","301",2016,"215",24,6789,2016-08-02,"3.1161666666666998","3.0402083333332999","2.9758749999999998","3.0169166666667002","3.3210416666667002","2.6297916666667001","2.4853333333332999","2.8507500000000001","0.81370833333329995","1.6791666666700001E-2","-0.48308333333300002"
"216","301",2016,"216",24,6790,2016-08-03,"1.721125","1.6180833333333","1.5737916666667","1.6830833333333","2.2182083333332998","2.6829583333332998","2.6303749999999999","1.4712499999999999","0.4059583333333","-4.1750000000000002E-2","-0.465083333333"
"217","301",2016,"217",24,6791,2016-08-04,"5.719875","5.7315416666666996","5.6833749999999998","5.836125","6.8882916666667002","7.8785833333333004","6.1987500000000004","2.6330833333333001","0.34116666666669998","-7.7541666667000006E-2","-0.44800000000000001"
"218","301",2016,"218",24,6792,2016-08-05,"11.647208333332999","11.608333333333","11.466958333333","11.565833333333","12.344208333333","11.891","8.5176666666667007","3.6347083333332999","0.49304166666670002","-3.5333333332999997E-2","-0.45404166666700002"
"219","301",2016,"219",24,6793,2016-08-06,"14.193125","14.133708333333001","14.041958333333","14.107125","14.608458333332999","13.942958333332999","10.86975","4.6995833333333001","0.71924999999999994","4.9833333333299999E-2","-0.45445833333300001"
"220","301",2016,"220",24,6794,2016-08-07,"14.931666666667001","14.852083333333001","14.766249999999999","14.800416666666999","15.154166666667001","14.645833333333","12.084833333333","6.0385833333332997","1.0153333333332999","0.16650000000000001","-0.42199999999999999"
"221","301",2016,"221",24,6795,2016-08-08,"10.638333333333","10.58375","10.533333333332999","10.547916666667","10.775833333333001","10.515416666667001","9.4243333333332995","5.7491250000000003","1.2614583333333","0.29462500000000003","-0.41766666666699998"
"222","301",2016,"222",24,6796,2016-08-09,"6.1387083333332999","6.1122083333333004","6.1052916666666999","6.1801250000000003","6.5441666666667002","6.5532083333333002","6.3682083333332997","4.0219166666666997","1.2316666666667","0.38154166666669997","-0.41179166666700001"
"223","301",2016,"223",24,6797,2016-08-10,"5.6599166666666996","5.6502083333332997","5.6317083333333002","5.6849999999999996","6.0314583333333003","6.1022916666666998","5.6885416666667004","3.1000833333333002","0.95150000000000001","0.30433333333329998","-0.40550000000000003"
"224","301",2016,"224",24,6798,2016-08-11,"9.8018750000000008","9.514875","9.4445833333333002","9.4957083333332992","10.132583333333001","10.095791666666999","7.9930833333333","3.6269583333333002","0.86633333333329998","0.25945833333329998","-0.37741666666700002"
"225","301",2016,"225",24,6799,2016-08-12,"12.494041666667","12.360833333333","12.288541666666999","12.32175","12.91925","12.381458333333001","9.5828749999999996","4.7364166666666998","1.05325","0.33504166666669999","-0.38054166666700001"
"226","301",2016,"226",24,6800,2016-08-13,"12.056458333333","11.865875000000001","11.812708333332999","11.845083333332999","12.4445","12.11225","9.8781666666667007","5.0507916666666999","1.2651666666667001","0.47425","-0.37854166666700001"
"227","301",2016,"227",24,6801,2016-08-14,"10.659791666666999","10.622999999999999","10.599375","10.652458333333","11.444416666666999","11.101708333333001","8.8340416666666997","4.812875","1.3650833333332999","0.55733333333330004","-0.37416666666699999"
"228","301",2016,"228",24,6802,2016-08-15,"6.0143333333333002","6.0018750000000001","5.9879583333333004","6.0489166666666998","6.4180000000000001","6.5728333333332998","6.3624583333332998","4.1849583333332996","1.3996666666666999","0.60358333333330005","-0.335791666667"
"229","301",2016,"229",24,6803,2016-08-16,"3.7943333333333","3.7902499999999999","3.7670833333333","3.8267083333333001","4.2097499999999997","4.3581250000000002","4.43025","3.0593333333333002","1.1738333333333","0.52070833333330002","-0.33500000000000002"
"230","301",2016,"230",24,6804,2016-08-17,"7.5651250000000001","7.4382916666667001","7.3532083333333","7.3769999999999998","7.6742916666666998","7.3612083333333","6.1125416666666998","3.1330833333333001","0.96612500000000001","0.40479166666670002","-0.33662500000000001"
"231","301",2016,"231",24,6805,2016-08-18,"11.568","11.530749999999999","11.433833333333","11.4215","11.629416666667","11.225541666667","9.5875416666667004","4.7897083333332997","1.0887500000000001","0.41662500000000002","-0.34187499999999998"
"232","301",2016,"232",24,6806,2016-08-19,"10.091666666667001","10.047916666667","9.9995833333333","9.9487500000000004","10.184583333333","9.9204166666667","9.1159166666667009","5.3426666666667","1.41825","0.59125000000000005","-0.32691666666699998"
"233","301",2016,"233",24,6807,2016-08-20,"8.2667916666667001","8.2894583333333003","8.2670833333333","8.2702083333333007","8.6132500000000007","8.4828333333332999","8.1683333333332993","5.2549166666667002","1.7340416666667","0.79266666666670005","-0.30066666666699998"
"234","301",2016,"234",24,6808,2016-08-21,"8.4867500000000007","8.4387500000000006","8.3695416666667004","8.3554583333332992","8.6271249999999995","8.3415416666666999","7.483625","4.4501666666666999","1.6833333333333","0.83287500000000003","-0.30070833333300001"
"235","301",2016,"235",24,6809,2016-08-22,"2.6744583333333001","2.7240000000000002","2.7056666666667","2.7592500000000002","3.0979999999999999","3.1688333333332999","3.5454583333333001","3.1518333333333","1.5302916666666999","0.78608333333330005","-0.29420833333300001"
"236","301",2016,"236",24,6810,2016-08-23,"6.7082499999999996","6.7116249999999997","6.6898749999999998","6.7444166666666998","7.4742083333332996","7.5095833333332997","6.0499166666667001","2.9050833333332999","1.0414166666667","0.51854166666669999","-0.29645833333299998"
"237","301",2016,"237",24,6811,2016-08-24,"12.60125","12.631666666667","12.53125","12.532916666667001","12.897916666666999","12.571249999999999","10.608458333332999","4.9535416666667","1.2440833333332999","0.51100000000000001","-0.30316666666699998"
"238","301",2016,"238",24,6812,2016-08-25,"11.063166666667","10.443041666667","10.189791666667","10.121541666667","10.487500000000001","10.339708333333","8.9147916666666998","4.5234583333333003","1.4560833333333001","0.7084166666667","-0.207375"
"239","301",2016,"239",24,6813,2016-08-26,"5.1992500000000001","2.626125","1.5449999999999999","1.1592916666666999","0.88891666666669999","0.28966666666669999","-0.144291666667","-0.24962500000000001","-0.46383333333299998","-0.74750000000000005","-0.96233333333299997"
"240","301",2016,"240",24,6814,2016-08-27,"4.9581249999999999","2.6122083333332999","1.5958333333332999","1.2326666666667001","0.96916666666670004","0.38037500000000002","-8.5416666666999999E-2","-0.30299999999999999","-0.53108333333299995","-0.79891666666700001","-0.99120833333299996"
"241","301",2016,"241",24,6815,2016-08-28,"4.0397499999999997","2.3654583333332999","1.5357499999999999","1.2096666666667","0.96841666666670001","0.39595833333329999","-7.0916666667E-2","-0.299375","-0.52737500000000004","-0.79529166666700002","-0.98750000000000004"
"242","301",2016,"242",24,6816,2016-08-29,"3.7752083333333002","2.1221666666667001","1.3496250000000001","1.0723750000000001","0.87954166666669997","0.3621666666667","-6.2666666667000007E-2","-0.29683333333299999","-0.52487499999999998","-0.79283333333299999","-0.98508333333300002"
"243","301",2016,"243",24,6817,2016-08-30,"4.6167916666666997","2.2027083333333","1.2673333333332999","0.97958333333330005","0.81112499999999998","0.31787500000000002","-6.3041666666999993E-2","-0.29904166666699999","-0.53012499999999996","-0.79433333333300005","-0.98966666666699998"
"244","301",2016,"244",24,6818,2016-08-31,"3.7307083333333","2.2142916666666999","1.403","1.0976250000000001","0.88737500000000002","0.36858333333330001","-3.2958333333000002E-2","-0.28045833333300002","-0.51933333333300002","-0.75633333333300001","-0.96708333333300001"
"245","301",2016,"245",24,6819,2016-09-01,"3.136625","1.7858333333333001","1.1554166666667001","0.93325000000000002","0.80225000000000002","0.33416666666669997","-3.0875E-2","-0.25754166666700001","-0.49608333333299998","-0.75224999999999997","-0.94491666666700003"
"246","301",2016,"246",24,6820,2016-09-02,"2.7985833333332999","1.6203333333333001","1.0190833333333","0.8085","0.70495833333330005","0.27870833333329997","-3.1083333333E-2","-0.25487500000000002","-0.482875","-0.74991666666699996","-0.94287500000000002"
"247","301",2016,"247",24,6821,2016-09-03,"1.93475","1.2776666666667","0.8207916666667","0.66158333333329999","0.59412500000000001","0.20974999999999999","-6.1041666666999998E-2","-0.25570833333300003","-0.48366666666699998","-0.75112500000000004","-0.94366666666700005"
"248","301",2016,"248",24,6822,2016-09-04,"1.5328333333333","1.0110833333333","0.63708333333330003","0.5103333333333","0.48383333333329998","0.139625","-7.0458333333000001E-2","-0.25512499999999999","-0.48308333333300002","-0.75054166666699995","-0.94299999999999995"
"249","301",2016,"249",24,6823,2016-09-05,"1.0545","0.85016666666670004","0.53629166666670003","0.4195833333333","0.40783333333330002","9.9250000000000005E-2","-9.7708333332999997E-2","-0.25187500000000002","-0.479875","-0.747","-0.93983333333300001"
"250","301",2016,"250",24,6824,2016-09-06,"9.9166666667000001E-3","0.29229166666669998","0.25312499999999999","0.22433333333329999","0.28062500000000001","2.0500000000000001E-2","-0.107125","-0.24695833333299999","-0.47483333333299999","-0.74175000000000002","-0.91812499999999997"
"251","301",2016,"251",24,6825,2016-09-07,"-0.191666666667","5.0999999999999997E-2","3.1541666666699997E-2","3.10416666667E-2","0.13191666666669999","-7.4999999999999997E-2","-0.135875","-0.24758333333300001","-0.47558333333300001","-0.72212500000000002","-0.896583333333"
"252","301",2016,"252",24,6826,2016-09-08,"-0.17595833333300001","-4.5416666666999998E-2","-9.0791666667000004E-2","-8.1666666666999996E-2","3.50833333333E-2","-0.13583333333299999","-0.17516666666700001","-0.25187500000000002","-0.47983333333299999","-0.70887500000000003","-0.90091666666699999"
"253","301",2016,"253",24,6827,2016-09-09,"-0.17916666666700001","-9.3833333332999994E-2","-0.143833333333","-0.135916666667","-8.4583333329999993E-3","-0.176833333333","-0.17916666666700001","-0.25508333333299998","-0.47837499999999999","-0.712083333333","-0.90416666666699996"
"254","301",2016,"254",24,6828,2016-09-10,"8.6666666666700004E-2","-7.1833333333000002E-2","-0.175833333333","-0.14495833333300001","-3.0624999999999999E-2","-0.18099999999999999","-0.18099999999999999","-0.25691666666700003","-0.45683333333300002","-0.71391666666700004","-0.90600000000000003"
"255","301",2016,"255",24,6829,2016-09-11,"1.1511666666667","0.1865416666667","-8.1833333332999997E-2","-0.126","-1.9791666667E-2","-0.17812500000000001","-0.17837500000000001","-0.25433333333300001","-0.44429166666699998","-0.71133333333299997","-0.90333333333300003"
"256","301",2016,"256",24,6830,2016-09-12,"3.125E-2","9.2999999999999999E-2","-1.4958333333E-2","-3.4083333333000003E-2","5.2416666666700001E-2","-0.13733333333299999","-0.174583333333","-0.25045833333299999","-0.44041666666700002","-0.70750000000000002","-0.89670833333300004"
"257","301",2016,"257",24,6831,2016-09-13,"-0.14220833333300001","-2.6291666666999999E-2","-8.8416666667000002E-2","-8.5291666666999999E-2","3.10416666667E-2","-0.14229166666699999","-0.17241666666700001","-0.24820833333299999","-0.43804166666700001","-0.70529166666700005","-0.87337500000000001"
"258","301",2016,"258",24,6832,2016-09-14,"-0.17025000000000001","-7.7875E-2","-0.13362499999999999","-0.12812499999999999","-2.6250000000000002E-3","-0.16995833333300001","-0.16995833333300001","-0.245791666667","-0.43566666666699999","-0.70283333333300002","-0.85666666666699998"
"259","301",2016,"259",24,6833,2016-09-15,"-0.20025000000000001","-9.3708333332999993E-2","-0.16879166666699999","-0.15012500000000001","-1.7916666667000002E-2","-0.16879166666699999","-0.16879166666699999","-0.24475","-0.43470833333300002","-0.70174999999999998","-0.855708333333"
"260","301",2016,"260",24,6834,2016-09-16,"-0.20920833333300001","-0.116916666667","-0.169416666667","-0.169416666667","-1.8874999999999999E-2","-0.169416666667","-0.169416666667","-0.245291666667","-0.43525000000000003","-0.702125","-0.85624999999999996"
"261","301",2016,"261",24,6835,2016-09-17,"-0.226708333333","-0.13387499999999999","-0.17133333333299999","-0.17133333333299999","-2.1083333332999998E-2","-0.17133333333299999","-0.17133333333299999","-0.24725","-0.43720833333300002","-0.70050000000000001","-0.85820833333299995"
"262","301",2016,"262",24,6836,2016-09-18,"-0.20579166666699999","-0.129958333333","-0.168375","-0.16779166666699999","-3.5166666667000003E-2","-0.17354166666699999","-0.168625","-0.243791666667","-0.43379166666699998","-0.69104166666699995","-0.85479166666700002"
"263","301",2016,"263",24,6837,2016-09-19,"-0.208291666667","-0.13275000000000001","-0.17291666666700001","-0.17033333333299999","-4.0875000000000002E-2","-0.181041666667","-0.177083333333","-0.246291666667","-0.43629166666699998","-0.67637499999999995","-0.85729166666699996"
"264","301",2016,"264",24,6838,2016-09-20,"-0.21487500000000001","-0.14329166666699999","-0.18070833333299999","-0.18070833333299999","-3.7416666666999998E-2","-0.18070833333299999","-0.18070833333299999","-0.25641666666700003","-0.44633333333300002","-0.67533333333300005","-0.867333333333"
"265","301",2016,"265",24,6839,2016-09-21,"0.2592916666667","-5.4958333333000001E-2","-0.17266666666700001","-0.17399999999999999","-3.4000000000000002E-2","-0.183","-0.183","-0.25900000000000001","-0.44900000000000001","-0.67800000000000005","-0.86941666666700002"
"266","301",2016,"266",24,6840,2016-09-22,"0.16295833333330001","3.8374999999999999E-2","-0.101708333333","-0.107","4.3750000000000004E-3","-0.17691666666700001","-0.17691666666700001","-0.25283333333300001","-0.442666666667","-0.67170833333299995","-0.86087499999999995"
"267","301",2016,"267",24,6841,2016-09-23,"-0.15","-5.0333333332999997E-2","-0.122416666667","-0.120083333333","1.1249999999999999E-3","-0.17320833333300001","-0.17399999999999999","-0.24895833333299999","-0.43887500000000002","-0.667875","-0.85495833333299998"
"268","301",2016,"268",24,6842,2016-09-24,"-0.16929166666699999","-9.4291666666999993E-2","-0.160916666667","-0.14254166666699999","-1.8541666666999999E-2","-0.16929166666699999","-0.19633333333299999","-0.245291666667","-0.43529166666699998","-0.66429166666700001","-0.82837499999999997"
"269","301",2016,"269",24,6843,2016-09-25,"-0.18783333333300001","-0.103083333333","-0.16700000000000001","-0.16700000000000001","-1.6E-2","-0.169125","-0.19679166666699999","-0.24295833333299999","-0.43291666666700002","-0.661916666667","-0.81499999999999995"
"270","301",2016,"270",24,6844,2016-09-26,"-0.207541666667","-0.13187499999999999","-0.16970833333300001","-0.16970833333300001","-2.6083333332999999E-2","-0.17741666666700001","-0.20649999999999999","-0.24541666666699999","-0.43537500000000001","-0.66437500000000005","-0.81770833333299997"
"271","301",2016,"271",24,6845,2016-09-27,"-0.20499999999999999","-0.129","-0.168166666667","-0.16700000000000001","-3.5208333332999997E-2","-0.19129166666700001","-0.20499999999999999","-0.24299999999999999","-0.433","-0.66200000000000003","-0.81499999999999995"
"272","301",2016,"272",24,6846,2016-09-28,"-0.20916666666700001","-0.13362499999999999","-0.17466666666700001","-0.17116666666700001","-4.2958333332999997E-2","-0.19108333333300001","-0.20916666666700001","-0.24733333333300001","-0.43704166666700001","-0.66604166666700004","-0.819166666667"
"273","301",2016,"273",24,6847,2016-09-29,"-0.21299999999999999","-0.13800000000000001","-0.175875","-0.17499999999999999","-4.4958333332999999E-2","-0.196208333333","-0.21299999999999999","-0.251","-0.441","-0.67","-0.82299999999999995"
"274","301",2016,"274",24,6848,2016-09-30,"-0.21299999999999999","-0.13800000000000001","-0.17949999999999999","-0.17499999999999999","-4.3249999999999997E-2","-0.19833333333299999","-0.21299999999999999","-0.25124999999999997","-0.441","-0.67","-0.82299999999999995"
"275","301",2016,"275",24,6849,2016-10-01,"-0.21512500000000001","-0.13995833333300001","-0.181291666667","-0.17720833333300001","-4.7625000000000001E-2","-0.198208333333","-0.21512500000000001","-0.25354166666700001","-0.443","-0.67200000000000004","-0.82520833333300003"
"276","301",2016,"276",24,6850,2016-10-02,"-0.212291666667","-0.13700000000000001","-0.18087500000000001","-0.174375","-4.8416666667000001E-2","-0.19658333333299999","-0.212291666667","-0.255458333333","-0.44012499999999999","-0.66912499999999997","-0.82233333333299996"
"277","301",2016,"277",24,6851,2016-10-03,"-0.20358333333299999","-0.12804166666700001","-0.19533333333299999","-0.16575000000000001","-5.1041666667000003E-2","-0.197958333333","-0.20358333333299999","-0.26616666666700001","-0.43145833333299999","-0.66045833333299997","-0.81379166666699998"
"278","301",2016,"278",24,6852,2016-10-04,"-0.20945833333300001","-0.134166666667","-0.198958333333","-0.17150000000000001","-5.8458333332999997E-2","-0.19700000000000001","-0.20945833333300001","-0.27400000000000002","-0.43741666666700002","-0.66641666666699995","-0.81950000000000001"
"279","301",2016,"279",24,6853,2016-10-05,"-0.21295833333299999","-0.137708333333","-0.21095833333299999","-0.17499999999999999","-6.1958333333E-2","-0.199166666667","-0.21295833333299999","-0.27916666666700002","-0.44087500000000002","-0.669916666667","-0.82295833333299995"
"280","301",2016,"280",24,6854,2016-10-06,"-0.209333333333","-0.127","-0.20275000000000001","-0.164916666667","-5.1749999999999997E-2","-0.199875","-0.20275000000000001","-0.27191666666699998","-0.43045833333299999","-0.65949999999999998","-0.81287500000000001"
"281","301",2016,"281",24,6855,2016-10-07,"-0.223666666667","-0.13129166666700001","-0.20674999999999999","-0.168916666667","-5.5750000000000001E-2","-0.20229166666699999","-0.20674999999999999","-0.27733333333299998","-0.43466666666699999","-0.66366666666700003","-0.81025000000000003"
"282","301",2016,"282",24,6856,2016-10-08,"-0.245333333333","-0.132166666667","-0.20795833333300001","-0.17004166666699999","-5.6958333333000002E-2","-0.20479166666699999","-0.20795833333300001","-0.28120833333299999","-0.43583333333300001","-0.66458333333300001","-0.80870833333299996"
"283","301",2016,"283",24,6857,2016-10-09,"-0.24841666666699999","-0.13483333333299999","-0.21049999999999999","-0.172625","-5.9499999999999997E-2","-0.206041666667","-0.21049999999999999","-0.28129166666700001","-0.43824999999999997","-0.66458333333300001","-0.79216666666699997"
"284","301",2016,"284",24,6858,2016-10-10,"-0.248","-0.134708333333","-0.21016666666700001","-0.17220833333300001","-5.9166666666999997E-2","-0.20574999999999999","-0.21016666666700001","-0.28362500000000002","-0.43795833333299999","-0.65974999999999995","-0.78220833333299999"
"285","301",2016,"285",24,6859,2016-10-11,"-0.25258333333299998","-0.139375","-0.214583333333","-0.176625","-6.3583333332999994E-2","-0.206541666667","-0.214583333333","-0.28762500000000002","-0.4425","-0.65733333333300004","-0.78654166666699998"
"286","301",2016,"286",24,6860,2016-10-12,"-0.25704166666700001","-0.14029166666699999","-0.21541666666699999","-0.17745833333300001","-6.4458333332999995E-2","-0.208375","-0.21541666666699999","-0.29058333333300002","-0.44329166666699998","-0.65024999999999999","-0.78733333333300004"
"287","301",2016,"287",24,6861,2016-10-13,"-0.28545833333300002","-0.12862499999999999","-0.20441666666700001","-0.16654166666699999","-5.3416666666999998E-2","-0.20441666666700001","-0.20441666666700001","-0.28033333333299998","-0.43225000000000002","-0.64579166666700005","-0.77633333333300003"
"288","301",2016,"288",24,6862,2016-10-14,"-0.54158333333300002","-0.149541666667","-0.19154166666700001","-0.15583333333300001","-4.0583333333000002E-2","-0.19154166666700001","-0.19154166666700001","-0.26733333333300002","-0.41929166666700002","-0.64520833333299998","-0.76345833333299995"
"289","301",2016,"289",24,6863,2016-10-15,"-0.894291666667","-0.15362500000000001","-0.19154166666700001","-0.15775","-4.0541666667000001E-2","-0.19154166666700001","-0.19154166666700001","-0.26741666666699998","-0.419416666667","-0.64137500000000003","-0.76349999999999996"
"290","301",2016,"290",24,6864,2016-10-16,"-0.66295833333300003","-0.159","-0.19700000000000001","-0.159","-4.5999999999999999E-2","-0.19700000000000001","-0.19700000000000001","-0.27300000000000002","-0.42499999999999999","-0.63787499999999997","-0.76900000000000002"
"291","301",2016,"291",24,6865,2016-10-17,"-0.66658333333300002","-0.14912500000000001","-0.18708333333300001","-0.15645833333299999","-3.6041666666999997E-2","-0.18708333333300001","-0.18708333333300001","-0.26274999999999998","-0.41466666666699997","-0.63112500000000005","-0.758958333333"
"292","301",2016,"292",24,6866,2016-10-18,"-0.90762500000000002","-0.178541666667","-0.183333333333","-0.159166666667","-3.2291666667E-2","-0.183333333333","-0.18362500000000001","-0.25908333333299999","-0.41095833333300003","-0.62949999999999995","-0.75529166666699998"
"293","301",2016,"293",24,6867,2016-10-19,"-0.97312500000000002","-0.193458333333","-0.18658333333300001","-0.15170833333299999","-3.5583333332999997E-2","-0.18658333333300001","-0.18658333333300001","-0.26241666666699998","-0.41437499999999999","-0.622041666667","-0.75854166666699996"
"294","301",2016,"294",24,6868,2016-10-20,"-0.97545833333300003","-0.23341666666700001","-0.195416666667","-0.15745833333299999","-4.4416666666999997E-2","-0.195416666667","-0.195416666667","-0.27141666666699998","-0.423375","-0.61379166666700002","-0.76741666666700004"
"295","301",2016,"295",24,6869,2016-10-21,"-0.75345833333300005","-0.22116666666699999","-0.19700000000000001","-0.159","-4.5999999999999999E-2","-0.19700000000000001","-0.19700000000000001","-0.27300000000000002","-0.42499999999999999","-0.615041666667","-0.76900000000000002"
"296","301",2016,"296",24,6870,2016-10-22,"-0.69766666666699995","-0.22225","-0.200416666667","-0.16250000000000001","-4.9416666667000002E-2","-0.200416666667","-0.200416666667","-0.276291666667","-0.42825000000000002","-0.61866666666699999","-0.772291666667"
"297","301",2016,"297",24,6871,2016-10-23,"-0.62041666666700002","-0.197208333333","-0.196916666667","-0.15987499999999999","-4.5874999999999999E-2","-0.196916666667","-0.196916666667","-0.27270833333299999","-0.42466666666699998","-0.61508333333300003","-0.76879166666700005"
"298","301",2016,"298",24,6872,2016-10-24,"-0.70874999999999999","-0.23225000000000001","-0.19700000000000001","-0.162166666667","-4.5999999999999999E-2","-0.19700000000000001","-0.19725000000000001","-0.27270833333299999","-0.42462499999999997","-0.61524999999999996","-0.76883333333299997"
"299","301",2016,"299",24,6873,2016-10-25,"-0.78883333333299999","-0.244791666667","-0.206791666667","-0.168875","-5.5791666667000001E-2","-0.206791666667","-0.206791666667","-0.28270833333299999","-0.43462499999999998","-0.625","-0.77870833333300005"
"300","301",2016,"300",24,6874,2016-10-26,"-0.80400000000000005","-0.24775","-0.207791666667","-0.169875","-5.6791666667000001E-2","-0.207791666667","-0.207791666667","-0.28362500000000002","-0.43558333333299998","-0.62616666666700005","-0.77962500000000001"
"301","301",2016,"301",24,6875,2016-10-27,"-1.0539166666669999","-0.29870833333300001","-0.20358333333299999","-0.16829166666699999","-5.2583333332999999E-2","-0.20358333333299999","-0.20620833333300001","-0.27945833333300002","-0.43145833333299999","-0.62170833333300002","-0.77549999999999997"
"302","301",2016,"302",24,6876,2016-10-28,"-1.558916666667","-0.39316666666700001","-0.19604166666699999","-0.17762500000000001","-4.5041666666999998E-2","-0.19604166666699999","-0.229166666667","-0.27183333333300003","-0.423833333333","-0.614333333333","-0.76800000000000002"
"303","301",2016,"303",24,6877,2016-10-29,"-0.95874999999999999","-0.354708333333","-0.212083333333","-0.174625","-6.1083333332999999E-2","-0.212083333333","-0.21262500000000001","-0.28799999999999998","-0.44","-0.63091666666699997","-0.78200000000000003"
"304","301",2016,"304",24,6878,2016-10-30,"-0.52175000000000005","-0.25362499999999999","-0.213041666667","-0.17566666666700001","-6.2041666666999999E-2","-0.213041666667","-0.213791666667","-0.28899999999999998","-0.441","-0.63200000000000001","-0.78191666666699999"
"305","301",2016,"305",24,6879,2016-10-31,"-0.443458333333","-0.21541666666699999","-0.213583333333","-0.17591666666700001","-6.2625E-2","-0.213583333333","-0.21754166666700001","-0.28937499999999999","-0.44137500000000002","-0.63233333333300001","-0.76129166666699999"
"306","301",2016,"306",24,6880,2016-11-01,"-0.64587499999999998","-0.227958333333","-0.20429166666699999","-0.184541666667","-5.3291666666999998E-2","-0.20429166666699999","-0.239583333333","-0.28012500000000001","-0.43212499999999998","-0.62241666666700002","-0.76904166666700002"
"307","301",2016,"307",24,6881,2016-11-02,"-1.2464583333329999","-0.35770833333300001","-0.197958333333","-0.19037499999999999","-4.5874999999999999E-2","-0.19687499999999999","-0.23483333333299999","-0.27283333333300003","-0.424833333333","-0.61512500000000003","-0.76524999999999999"
"308","301",2016,"308",24,6882,2016-11-03,"-1.669541666667","-0.47499999999999998","-0.223708333333","-0.189","-3.7999999999999999E-2","-0.189","-0.226916666667","-0.26487500000000003","-0.416875","-0.607416666667","-0.75854166666699996"
"309","301",2016,"309",24,6883,2016-11-04,"-2.3313333333330002","-0.668916666667","-0.21475","-0.17699999999999999","-2.5999999999999999E-2","-0.17699999999999999","-0.21475","-0.252458333333","-0.40441666666699999","-0.59537499999999999","-0.749"
"310","301",2016,"310",24,6884,2016-11-05,"-2.9462083333329998","-0.97316666666700002","-0.23724999999999999","-0.17316666666700001","-2.2166666666999998E-2","-0.17316666666700001","-0.21070833333299999","-0.24883333333300001","-0.40045833333300002","-0.59141666666699999","-0.74516666666700004"
"311","301",2016,"311",24,6885,2016-11-06,"-2.653833333333","-1.0989166666670001","-0.29145833333299997","-0.18641666666699999","-3.5416666667000003E-2","-0.18641666666699999","-0.22433333333300001","-0.26220833333299998","-0.414208333333","-0.60466666666699997","-0.74762499999999998"
"312","301",2016,"312",24,6886,2016-11-07,"-2.3552499999999998","-0.98808333333300002","-0.29016666666699997","-0.18120833333299999","-3.3083333333000002E-2","-0.18120833333299999","-0.219","-0.257166666667","-0.40887499999999999","-0.59975000000000001","-0.74612500000000004"
"313","301",2016,"313",24,6887,2016-11-08,"-2.0919166666670002","-0.96583333333300003","-0.31274999999999997","-0.18658333333300001","-3.85E-2","-0.18658333333300001","-0.224416666667","-0.26229166666699999","-0.41429166666700001","-0.604708333333","-0.73016666666700003"
"314","301",2016,"314",24,6888,2016-11-09,"-1.63825","-0.80204166666700005","-0.30641666666700001","-0.19283333333300001","-6.6416666666999996E-2","-0.19283333333300001","-0.230708333333","-0.268583333333","-0.42054166666699999","-0.61124999999999996","-0.72624999999999995"
"315","301",2016,"315",24,6889,2016-11-10,"-1.5807916666670001","-0.79979166666699997","-0.31562499999999999","-0.19404166666700001","-7.7291666667000006E-2","-0.192166666667","-0.22875000000000001","-0.26666666666700001","-0.41866666666699998","-0.60920833333299995","-0.72420833333300005"
"316","301",2016,"316",24,6890,2016-11-11,"-1.5278750000000001","-0.79854166666699999","-0.34350000000000003","-0.22637499999999999","-8.1500000000000003E-2","-0.22133333333300001","-0.232625","-0.27054166666700002","-0.42249999999999999","-0.61287499999999995","-0.72787500000000005"
"317","301",2016,"317",24,6891,2016-11-12,"-1.351333333333","-0.73450000000000004","-0.347916666667","-0.23583333333299999","-8.5875000000000007E-2","-0.23479166666699999","-0.23695833333300001","-0.27491666666699999","-0.426875","-0.61716666666700004","-0.73216666666700003"
"318","301",2016,"318",24,6892,2016-11-13,"-1.446041666667","-0.74824999999999997","-0.35462500000000002","-0.22675000000000001","-7.5374999999999998E-2","-0.22675000000000001","-0.22675000000000001","-0.29554166666699999","-0.41645833333299997","-0.60720833333299995","-0.72216666666700002"
"319","301",2016,"319",24,6893,2016-11-14,"-1.9762500000000001","-0.97124999999999995","-0.39283333333300002","-0.22108333333300001","-6.9500000000000006E-2","-0.22108333333300001","-0.23874999999999999","-0.29649999999999999","-0.41049999999999998","-0.601416666667","-0.71637499999999998"
"320","301",2016,"320",24,6894,2016-11-15,"-2.1487500000000002","-1.1236666666670001","-0.46300000000000002","-0.22687499999999999","-7.5166666667000004E-2","-0.22687499999999999","-0.26479166666699999","-0.30216666666699998","-0.41675000000000001","-0.60708333333300002","-0.72208333333300001"
"321","301",2016,"321",24,6895,2016-11-16,"-1.9444583333330001","-1.2037500000000001","-0.61629166666699997","-0.23466666666700001","-8.3666666666999998E-2","-0.23466666666700001","-0.27266666666700001","-0.31066666666699999","-0.42466666666699998","-0.61475000000000002","-0.72975000000000001"
"322","301",2016,"322",24,6896,2016-11-17,"-1.4406666666670001","-0.83799999999999997","-0.474208333333","-0.25420833333300002","-9.5083333332999995E-2","-0.24062500000000001","-0.257666666667","-0.29562500000000003","-0.40966666666700002","-0.60058333333299996","-0.71558333333299995"
"323","301",2016,"323",24,6897,2016-11-18,"-1.4526250000000001","-0.82150000000000001","-0.48208333333300002","-0.26300000000000001","-0.11129166666699999","-0.26300000000000001","-0.26300000000000001","-0.300333333333","-0.41499999999999998","-0.60529166666699996","-0.72029166666699995"
"324","301",2016,"324",24,6898,2016-11-19,"-1.5974999999999999","-0.89158333333299999","-0.501958333333","-0.255958333333","-0.104875","-0.255958333333","-0.271583333333","-0.29504166666699999","-0.40795833333300002","-0.59891666666700005","-0.71391666666700004"
"325","301",2016,"325",24,6899,2016-11-20,"-1.87425","-1.026375","-0.54845833333299998","-0.27570833333299999","-9.8583333332999998E-2","-0.24987500000000001","-0.28779166666700001","-0.32074999999999998","-0.42320833333300001","-0.60275000000000001","-0.70770833333299998"
"326","301",2016,"326",24,6900,2016-11-21,"-2.0569583333330002","-1.1287916666669999","-0.60287500000000005","-0.28695833333300003","-9.7791666666999996E-2","-0.25120833333300002","-0.28695833333300003","-0.324958333333","-0.43670833333300002","-0.61595833333299999","-0.70691666666700004"
"327","301",2016,"327",24,6901,2016-11-22,"-2.302166666667","-1.29","-0.68287500000000001","-0.29941666666700001","-0.115791666667","-0.27912500000000001","-0.28225","-0.32024999999999998","-0.43425000000000002","-0.62375000000000003","-0.72033333333299998"
"328","301",2016,"328",24,6902,2016-11-23,"-2.8378749999999999","-1.625541666667","-0.82829166666700005","-0.32966666666700001","-0.13112499999999999","-0.28241666666699999","-0.28241666666699999","-0.32041666666700003","-0.4345","-0.62549999999999994","-0.72583333333300004"
"329","301",2016,"329",24,6903,2016-11-24,"-2.770166666667","-1.6316250000000001","-0.89883333333299997","-0.37412499999999999","-0.130458333333","-0.28175","-0.301833333333","-0.31974999999999998","-0.43387500000000001","-0.62491666666699996","-0.73154166666700005"
"330","301",2016,"330",24,6904,2016-11-25,"-2.9323333333330002","-1.7","-0.96362499999999995","-0.41762500000000002","-0.1235","-0.27533333333299997","-0.30537500000000001","-0.33783333333299997","-0.419416666667","-0.61045833333300004","-0.72558333333299996"
"331","301",2016,"331",24,6905,2016-11-26,"-3.4069583333329998","-2.0327083333329998","-1.1440416666669999","-0.489541666667","-0.151","-0.30279166666700003","-0.30279166666700003","-0.340791666667","-0.41695833333299998","-0.60799999999999998","-0.72304166666699998"
"332","301",2016,"332",24,6906,2016-11-27,"-3.423833333333","-2.1517499999999998","-1.298083333333","-0.609375","-0.182541666667","-0.31362499999999999","-0.31362499999999999","-0.35166666666700003","-0.42766666666699998","-0.61870833333300002","-0.73370833333300001"
"333","301",2016,"333",24,6907,2016-11-28,"-3.1689166666670001","-2.0264583333330002","-1.3263750000000001","-0.72054166666700004","-0.23849999999999999","-0.31824999999999998","-0.32433333333300002","-0.35099999999999998","-0.43345833333299999","-0.618041666667","-0.73308333333300002"
"334","301",2016,"334",24,6908,2016-11-29,"-3.3347083333329999","-2.1055000000000001","-1.4336666666669999","-0.84358333333299995","-0.32591666666699998","-0.34779166666700001","-0.34908333333300001","-0.34908333333300001","-0.455625","-0.61616666666700004","-0.73124999999999996"
"335","301",2016,"335",24,6909,2016-11-30,"-3.5394583333330001","-2.3376666666669998","-1.622166666667","-1.002041666667","-0.44608333333299999","-0.38279166666699999","-0.35449999999999998","-0.36245833333299998","-0.46908333333300001","-0.62170833333300002","-0.73720833333299995"
"336","301",2016,"336",24,6910,2016-12-01,"-3.9150416666669998","-2.6719166666669998","-1.844833333333","-1.171833333333","-0.58716666666700001","-0.44537500000000002","-0.380958333333","-0.39016666666700001","-0.46620833333299999","-0.61950000000000005","-0.73433333333299999"
"337","301",2016,"337",24,6911,2016-12-02,"-4.0978333333329999","-2.9103333333329999","-2.0624166666670001","-1.3644166666669999","-0.75345833333300005","-0.54820833333300001","-0.42020833333300001","-0.40516666666700002","-0.47587499999999999","-0.64579166666700005","-0.74395833333299999"
"338","301",2016,"338",24,6912,2016-12-03,"-4.1916666666670004","-3.0314999999999999","-2.196791666667","-1.5217083333329999","-0.91325000000000001","-0.67579166666699997","-0.48604166666699999","-0.44237500000000002","-0.486333333333","-0.66216666666699997","-0.739041666667"
"339","301",2016,"339",24,6913,2016-12-04,"-4.4491666666669998","-3.1790833333330002","-2.3485","-1.6892916666669999","-1.0822083333329999","-0.83645833333300001","-0.59462499999999996","-0.50062499999999999","-0.505666666667","-0.65504166666700003","-0.73175000000000001"
"340","301",2016,"340",24,6914,2016-12-05,"-4.4808333333329999","-3.3294583333330001","-2.54975","-1.903458333333","-1.3013333333329999","-1.0506666666669999","-0.77037500000000003","-0.62195833333299999","-0.56358333333300004","-0.69758333333300004","-0.76566666666700001"
"341","301",2016,"341",24,6915,2016-12-06,"-4.4727499999999996","-3.4388749999999999","-2.7124583333330001","-2.1012083333330001","-1.5334583333330001","-1.2969583333329999","-1.0013333333329999","-0.80004166666700005","-0.64195833333300001","-0.74162499999999998","-0.78708333333299996"
"342","301",2016,"342",24,6916,2016-12-07,"-4.6120833333329996","-3.579708333333","-2.8892500000000001","-2.3094583333330001","-1.77075","-1.5618749999999999","-1.2646666666669999","-1.0319166666670001","-0.77487499999999998","-0.81879166666699998","-0.83145833333300001"
"343","301",2016,"343",24,6917,2016-12-08,"-4.9035000000000002","-3.8357083333330002","-3.1222500000000002","-2.547708333333","-2.0249999999999999","-1.831041666667","-1.539625","-1.2873333333329999","-0.950125","-0.92995833333300004","-0.88945833333299995"
"344","301",2016,"344",24,6918,2016-12-09,"-5.1092083333330001","-4.0709583333330004","-3.3716666666670001","-2.8142499999999999","-2.2975416666670001","-2.111416666667","-1.819","-1.555791666667","-1.154583333333","-1.0780416666670001","-0.98008333333300002"
"345","301",2016,"345",24,6919,2016-12-10,"-4.9897916666670001","-4.1167916666669999","-3.5350416666669999","-3.0353333333329999","-2.549583333333","-2.3790416666669998","-2.0912916666669998","-1.8199166666669999","-1.376958333333","-1.249625","-1.088833333333"
"346","301",2016,"346",24,6920,2016-12-11,"-4.8875000000000002","-4.1118333333330002","-3.6150833333330001","-3.178958333333","-2.7388750000000002","-2.5924999999999998","-2.3228749999999998","-2.0547083333330001","-1.5945","-1.4272499999999999","-1.2110416666670001"
"347","301",2016,"347",24,6921,2016-12-12,"-4.8437083333329998","-4.1296666666670001","-3.6800416666669999","-3.287958333333","-2.878625","-2.7622916666670001","-2.5071666666670001","-2.251291666667","-1.7905","-1.606125","-1.3451249999999999"
"348","301",2016,"348",24,6922,2016-12-13,"-5.1170833333330004","-4.3086250000000001","-3.8203749999999999","-3.4160833333329998","-3.0134166666670001","-2.9081666666669999","-2.6664166666670002","-2.4152499999999999","-1.96075","-1.7626666666669999","-1.47475"
"349","301",2016,"349",24,6923,2016-12-14,"-5.2980833333330004","-4.5013333333330001","-4.0430000000000001","-3.6296666666670001","-3.2143333333330002","-3.0978333333329999","-2.8534583333330001","-2.59775","-2.1315833333329999","-1.923083333333","-1.6127083333329999"
"350","301",2016,"350",24,6924,2016-12-15,"-4.8015416666670001","-4.345416666667","-4.0644583333330004","-3.7370416666669999","-3.3619166666670002","-3.278541666667","-3.0391666666670001","-2.788333333333","-2.3114583333329999","-2.0876666666669998","-1.756333333333"
"351","301",2016,"351",24,6925,2016-12-16,"-4.4777916666669997","-4.1230000000000002","-3.9129999999999998","-3.6659583333330001","-3.3496666666669999","-3.3194166666670002","-3.1131250000000001","-2.8933749999999998","-2.450416666667","-2.2306666666670001","-1.8828750000000001"
"352","301",2016,"352",24,6926,2016-12-17,"-4.623708333333","-4.1305416666669998","-3.8827500000000001","-3.627041666667","-3.3237083333330002","-3.311666666667","-3.1274583333330002","-2.9280833333329999","-2.5310000000000001","-2.3324583333329998","-1.991625"
"353","301",2016,"353",24,6927,2016-12-18,"-4.8659583333330003","-4.3120000000000003","-4.0065833333330003","-3.7214999999999998","-3.3953333333329998","-3.36375","-3.1856666666670002","-2.9902083333329998","-2.6040416666669999","-2.415458333333","-2.0847083333329999"
"354","301",2016,"354",24,6928,2016-12-19,"-5.3171666666670001","-4.634291666667","-4.2270000000000003","-3.8808333333329998","-3.5295000000000001","-3.4794166666669999","-3.287208333333","-3.0861666666669998","-2.6937916666669999","-2.5027499999999998","-2.171333333333"
"355","301",2016,"355",24,6929,2016-12-20,"-5.5398750000000003","-4.8576249999999996","-4.4325416666670003","-4.0696250000000003","-3.700708333333","-3.633","-3.4296666666669999","-3.2112083333329999","-2.802166666667","-2.5997499999999998","-2.2589583333330001"
"356","301",2016,"356",24,6930,2016-12-21,"-5.727291666667","-5.0453749999999999","-4.6137499999999996","-4.2457083333329999","-3.8673333333329998","-3.7917916666670002","-3.5783333333330001","-3.3544999999999998","-2.923166666667","-2.7115833333329999","-2.356125"
"357","301",2016,"357",24,6931,2016-12-22,"-5.9641666666670003","-5.2324166666669996","-4.7902500000000003","-4.4167083333330002","-4.0338750000000001","-3.9477500000000001","-3.7271666666669998","-3.4921250000000001","-3.05","-2.8253750000000002","-2.4526249999999998"
"358","301",2016,"358",24,6932,2016-12-23,"-6.2175416666669996","-5.4521666666669999","-5.018041666667","-4.6307499999999999","-4.2328749999999999","-4.1369166666670001","-3.9000416666670001","-3.6544583333329999","-3.1913333333330001","-2.9501249999999999","-2.565375"
"359","301",2016,"359",24,6933,2016-12-24,"-6.5810416666669997","-5.7381250000000001","-5.2709166666670004","-4.8631250000000001","-4.4505833333330003","-4.3362916666669999","-4.0913750000000002","-3.8303333333329999","-3.3354583333329999","-3.079791666667","-2.6757499999999999"
"360","301",2016,"360",24,6934,2016-12-25,"-7.0449583333329997","-6.1321250000000003","-5.5739999999999998","-5.1292083333329996","-4.6972916666669997","-4.5673750000000002","-4.3058333333330001","-4.028458333333","-3.5009999999999999","-3.2217916666669999","-2.79325"
"361","301",2016,"361",24,6935,2016-12-26,"-8.0445833333329997","-6.8777499999999998","-6.108458333333","-5.5312916666670002","-5.044833333333","-4.8685","-4.5697083333329998","-4.266166666667","-3.686958333333","-3.3770833333330001","-2.9230416666669998"
"362","301",2016,"362",24,6936,2016-12-27,"-8.9600000000000009","-7.6095833333330001","-6.7052500000000004","-6.0369583333329997","-5.4865833333329999","-5.2662083333330001","-4.9264583333329997","-4.5796666666670003","-3.9284583333329999","-3.5698333333329999","-3.0684166666669999"
"363","301",2016,"363",24,6937,2016-12-28,"-9.7591666666669994","-8.375","-7.3804166666670001","-6.634125","-6.0243333333329998","-5.7441666666669997","-5.3550000000000004","-4.9659166666669998","-4.2242083333330003","-3.806166666667","-3.2486250000000001"
"364","301",2016,"364",24,6938,2016-12-29,"-9.6345833333329995","-8.5658333333329999","-7.7783333333330003","-7.0919583333330003","-6.489208333333","-6.2037916666669997","-5.792041666667","-5.3726250000000002","-4.5679166666670001","-4.0967083333329999","-3.4712499999999999"
"365","301",2016,"365",24,6939,2016-12-30,"-8.5908333333330003","-8.0549999999999997","-7.5645833333330001","-7.0594583333329997","-6.5777083333329998","-6.3732499999999996","-6.0197500000000002","-5.6381249999999996","-4.857333333333","-4.3715416666670004","-3.7055833333330002"
"366","301",2016,"366",24,6940,2016-12-31,"-7.5945833333330004","-7.3025000000000002","-7.0475416666669997","-6.7166249999999996","-6.3402083333329999","-6.2312500000000002","-5.9565833333329996","-5.6474166666669996","-4.9864583333330001","-4.546333333333","-3.8945833333330002"
